trial_id,looming_start_frame,looming_start_time,bhvr1,bhvr2,bhvr3,bhvr4,bhvr5
G1M1D1T1,13102,T00:10:54.476,F,F,FS,S,S
G1M1D1T2,14827,T00:12:20.643,O,A,F,S,S
G1M1D1T3,18220,T00:15:10.132,F,E,F,EN,TN
G1M1D1T4,20054,T00:16:41.745,F,S,S,F,EN
G1M1D1T5,23058,T00:19:11.801,F,R,R,F,E
G1M1D1T6,26495,T00:22:03.488,F,S,EN,N,N
G1M1D1T7,29474,T00:24:32.346,F,F,SR,E,EN
G1M1D1T8,34802,T00:28:58.492,A,S,EN,N,N
G1M1D1T9,37902,T00:31:33.345,A,S,E,EN,N
G1M1D1T10,41866,T00:34:51.306,A,R,E,EN,N
G1M1D1T11,44015,T00:36:38.703,R,R,E,N,N
G1M1D2T1,12743,T00:10:35.329,F,E,N,N,N
G1M1D2T2,19612,T00:16:17.798,F,FE,E,FN,FN
G1M1D2T3,22791,T00:18:56.294,F,FE,E,E,N
G1M1D2T4,25854,T00:21:29.006,F,F,FE,E,F
G1M1D2T5,30940,T00:25:42.580,F,S,E,N,FN
G1M1D2T6,34574,T00:28:43.760,F,SE,E,N,FN
G1M1D2T7,39623,T00:32:55.489,F,F,E,EN,N
G1M1D2T8,43933,T00:36:30.423,AE,EN,FN,N,N
G1M1D3T1,12560,T00:10:28.627,F,R,R,R,O
G1M1D3T2,16101,T00:13:25.855,F,F,R,F,FR
G1M1D3T3,19003,T00:15:51.100,F,E,S,S,S
G1M1D3T4,20827,T00:17:22.441,F,SE,E,EN,N
G1M1D3T5,23376,T00:19:29.968,O,R,R,E,O
G1M1D3T6,29452,T00:24:34.122,S,R,F,F,F
G1M1D3T7,31756,T00:26:29.337,S,S,S,O,O
G1M1D3T8,34604,T00:28:51.980,F,S,S,R,R
G1M1D3T9,37696,T00:31:26.684,F,R,R,R,O
G1M1D3T10,40717,T00:33:57.885,FS,R,R,S,S
G1M1D3T11,44293,T00:36:56.864,F,O,O,R,R
G1M1D4T1,13184,T00:10:58.572,O,O,O,F,F
G1M1D4T2,15907,T00:13:14.592,SR,O,O,O,O
G1M1D4T3,19592,T00:16:18.667,S,R,R,O,O
G1M1D4T4,22123,T00:18:25.096,AE,O,O,O,O
G1M1D4T5,25944,T00:21:35.964,F,S,O,O,O
G1M1D4T6,28521,T00:23:44.691,O,O,R,S,R
G1M1D4T7,37146,T00:30:55.531,S,R,R,O,R
G1M1D4T8,41301,T00:34:23.033,O,O,R,R,R
G1M1D4T9,43868,T00:36:31.311,O,O,O,O,O
G1M1D4T10,46286,T00:38:32.095,O,O,R,R,S
G1M1D4T11,47851,T00:39:50.271,O,O,O,O,O
G1M1D5T1,12642,T00:10:32.100,O,O,O,O,O
G1M1D5T2,18554,T00:15:27.700,A,O,O,O,EN
G1M1D5T3,21808,T00:18:10.400,F,O,O,O,O
G1M1D5T4,26981,T00:22:29.050,O,S,R,R,S
G1M1D5T5,28382,T00:23:39.100,S,O,O,O,O
G1M1D5T6,31664,T00:26:23.200,O,O,R,R,R
G1M1D5T7,35376,T00:29:28.800,S,R,R,O,R
G1M1D5T8,38776,T00:32:18.850,S,E,N,N,N
G1M1D5T9,41407,T00:34:30.350,A,O,S,O,O
G1M1D5T10,43194,T00:35:59.700,A,S,R,R,R
G1M1D5T11,45717,T00:38:05.850,O,O,S,R,R
G1M1D5T12,47538,T00:39:36.900,S,S,S,O,O
G1M2D1T1,14219,T00:11:50.950,R,R,E,F,EN
G1M2D1T2,18600,T00:15:30.000,R,R,RF,F,F
G1M2D1T3,21606,T00:18:00.300,F,S,S,E,EN
G1M2D1T4,23927,T00:19:56.350,O,R,R,F,F
G1M2D1T5,27133,T00:22:36.650,SF,E,N,FN,FN
G1M2D1T6,30711,T00:25:35.550,A,EN,N,N,N
G1M2D1T7,32238,T00:26:51.900,E,N,N,N,N
G1M2D1T8,35663,T00:29:43.150,F,SF,E,E,N
G1M2D1T9,37677,T00:31:23.850,F,E,N,N,N
G1M2D1T10,43085,T00:35:54.250,E,N,N,N,N
G1M2D1T11,46178,T00:38:28.900,F,SF,E,N,N
G1M2D2T1,25031,T00:20:50.358,AE,EN,N,N,N
G1M2D3T1,15072,T00:12:33.650,R,EN,N,N,FN
G1M2D3T2,29491,T00:24:34.550,AE,EN,N,FN,N
G1M2D3T3,37745,T00:31:27.250,F,SE,EN,N,N
G1M2D3T4,40420,T00:33:41.000,EN,N,GN,GN,FN
G1M2D4T1,12390,T00:10:19.450,A,S,S,EN,N
G1M2D4T2,18711,T00:15:35.550,S,S,F,EN,N
G1M2D4T3,21250,T00:17:42.500,S,S,O,R,R
G1M2D4T4,29808,T00:24:50.400,A,S,E,N,N
G1M2D4T5,31660,T00:26:23.050,E,EN,N,N,N
G1M2D5T1,15771,T00:13:08.550,O,AS,R,R,F
G1M2D5T2,25144,T00:20:57.200,O,O,O,O,FE
G1M2D5T3,27415,T00:22:50.750,O,F,O,OR,R
G1M2D5T4,31660,T00:26:22.950,F,S,S,S,S
G1M2D5T5,33826,T00:28:11.300,S,F,FS,S,S
G1M3D1T1,14309,T00:11:55.450,F,F,FS,SE,EN
G1M3D1T2,16795,T00:13:59.800,F,F,F,S,F
G1M3D1T3,20312,T00:16:55.600,F,S,EN,N,FN
G1M3D1T4,22423,T00:18:41.150,F,F,EN,N,N
G1M3D1T5,28214,T00:23:30.700,F,F,EN,N,N
G1M3D1T6,31149,T00:25:57.450,F,F,F,SE,EN
G1M3D1T7,33478,T00:27:53.900,F,S,F,E,EN
G1M3D1T8,35946,T00:29:57.300,E,EN,N,N,N
G1M3D1T9,39788,T00:33:09.400,F,FE,N,N,N
G1M3D1T10,46625,T00:38:51.250,AE,E,EN,N,N
G1M3D2T1,12816,"1, 0:10:40.021121",,,,,
G1M3D2T2,16815,"2, 0:13:59.957119",,,,,
G1M3D2T3,19182,"3, 0:15:58.336299",,,,,
G1M3D2T4,21501,"4, 0:17:54.280009",,,,,
G1M3D2T5,27160,"5, 0:22:37.185595",,,,,
G1M3D2T6,31518,"6, 0:26:15.117134",,,,,
G1M3D2T7,34327,"7, 0:28:35.542465",,,,,
G1M3D3T1,13267,"1, 0:11:02.618016",,,,,
G1M3D3T2,15623,"2, 0:13:00.439073",,,,,
G1M3D3T3,22332,"3, 0:18:35.877458",,,,,
G1M3D3T4,25370,"4, 0:21:07.777263",,,,,
G1M3D3T5,28454,"5, 0:23:41.961625",,,,,
G1M3D4T1,13049,"1, 0:10:50.671995",,,,,
G1M3D4T2,16456,"2, 0:13:41.012922",,,,,
G1M3D4T3,21649,"3, 0:18:00.636019",,,,,
G1M3D4T4,23496,"4, 0:19:33.016683",,,,,
G1M3D4T5,26371,"5, 0:21:56.750345",,,,,
G1M3D4T6,36764,"6, 0:30:36.389417",,,,,
G1M3D4T7,39511,"7, 0:32:53.704110",,,,,
G1M3D4T8,41583,"8, 0:34:37.338958",,,,,
G1M3D5T1,26599,"1, 0:22:09.042134",,,,,
G1M3D5T2,32272,"2, 0:26:52.686894",,,,,
G1M4D1T1,13965,"1, 0:11:36.858932",,,,,
G1M4D1T2,16357,"2, 0:13:36.504083",,,,,
G1M4D1T3,18565,"3, 0:15:26.887893",,,,,
G1M4D1T4,20733,"4, 0:17:15.296537",,,,,
G1M4D1T5,25032,"5, 0:20:50.229762",,,,,
G1M4D1T6,30894,"6, 0:25:43.299790",,,,,
G1M4D1T7,34658,"7, 0:28:51.479660",,,,,
G1M4D1T8,36206,"8, 0:30:08.891612",,,,,
G1M4D1T9,38355,"9, 0:31:56.353840",,,,,
G1M4D1T10,42314,"10, 0:35:14.298271",,,,,
G1M4D1T11,44311,"11, 0:36:54.134274",,,,,
G1M4D1T12,45844,"12, 0:38:10.762142",,,,,
G1M4D2T1,12076,"1, 0:10:02.386067",,,,,
G1M4D2T2,14031,"2, 0:11:40.112973",,,,,
G1M4D2T3,16854,"3, 0:14:01.282924",,,,,
G1M4D2T4,22657,"4, 0:18:51.393297",,,,,
G1M4D2T5,26517,"5, 0:22:04.430526",,,,,
G1M4D2T6,29120,"6, 0:24:14.538791",,,,,
G1M4D2T7,42089,"7, 0:35:02.986699",,,,,
G1M4D2T8,46032,"8, 0:38:20.097319",,,,,
G1M4D3T1,13655,"1, 0:11:22.099897",,,,,
G1M4D3T2,17179,"2, 0:14:18.307871",,,,,
G1M4D3T3,19753,"3, 0:16:26.981214",,,,,
G1M4D3T4,22389,"4, 0:18:38.799253",,,,,
G1M4D3T5,27530,"5, 0:22:55.802281",,,,,
G1M4D3T6,31722,"6, 0:26:25.422936",,,,,
G1M4D3T7,33436,"7, 0:27:51.101390",,,,,
G1M4D3T8,35619,"8, 0:29:40.273425",,,,,
G1M4D3T9,37513,"9, 0:31:14.947377",,,,,
G1M4D3T10,40066,"10, 0:33:22.615288",,,,,
G1M4D3T11,44934,"11, 0:37:26.012702",,,,,
G1M4D3T12,47449,"12, 0:39:31.752801",,,,,
G1M4D4T1,13673,"1, 0:11:22.268397",,,,,
G1M4D4T2,17295,"2, 0:14:23.385290",,,,,
G1M4D4T3,20192,"3, 0:16:48.223683",,,,,
G1M4D4T4,22087,"4, 0:18:22.988188",,,,,
G1M4D4T5,30736,"5, 0:25:35.404241",,,,,
G1M4D4T6,33356,"6, 0:27:46.399009",,,,,
G1M4D4T7,37315,"7, 0:31:04.307732",,,,,
G1M4D4T8,40444,"8, 0:33:40.782654",,,,,
G1M4D5T1,14948,"1, 0:12:26.905660",,,,,
G1M4D5T2,18112,"2, 0:15:05.053118",,,,,
G1M4D5T3,23275,"3, 0:19:23.191769",,,,,
G1M4D5T4,25446,"4, 0:21:11.727676",,,,,
G1M4D5T5,30981,"5, 0:25:48.459075",,,,,
G1M4D5T6,47593,"6, 0:39:39.069816",,,,,
G1M5D1T1,12432,"1, 0:10:18.798555",,,,,
G1M5D1T2,14182,"2, 0:11:46.310577",,,,,
G1M5D1T3,15540,"3, 0:12:54.196501",,,,,
G1M5D1T4,22309,"4, 0:18:32.667395",,,,,
G1M5D1T5,24985,"5, 0:20:46.414056",,,,,
G1M5D1T6,35792,"6, 0:29:46.769386",,,,,
G1M5D1T7,38787,"7, 0:32:16.492817",,,,,
G1M5D2T1,12102,"1, 0:10:03.562961",,,,,
G1M5D2T2,16890,"2, 0:14:02.934019",,,,,
G1M5D2T3,21760,"3, 0:18:06.448437",,,,,
G1M5D2T4,29575,"4, 0:24:37.166475",,,,,
G1M5D2T5,31250,"5, 0:26:00.920304",,,,,
G1M5D2T6,33919,"6, 0:28:14.371148",,,,,
G1M5D2T7,36053,"7, 0:30:01.060330",,,,,
G1M5D2T8,38793,"8, 0:32:18.035521",,,,,
G1M5D3T1,14182,"1, 0:11:42.569763",,,,,
G1M5D3T2,16193,"2, 0:13:23.117000",,,,,
G1M5D3T3,19442,"3, 0:16:05.573904",,,,,
G1M5D3T4,31884,"4, 0:26:27.641194",,,,,
G1M5D3T5,33724,"5, 0:27:59.637900",,,,,
G1M5D3T6,37107,"6, 0:30:48.758674",,,,,
G1M5D3T7,41059,"7, 0:34:06.330042",,,,,
G1M5D3T8,42781,"8, 0:35:32.456317",,,,,
G1M5D4T1,14738,"1, 0:12:16.007970",,,,,
G1M5D4T2,17625,"2, 0:14:40.355780",,,,,
G1M5D4T3,21416,"3, 0:17:49.907800",,,,,
G1M5D4T4,35587,"4, 0:29:38.417323",,,,,
G1M5D4T5,38265,"5, 0:31:52.304845",,,,,
G1M5D4T6,41119,"6, 0:34:15.024052",,,,,
G1M5D5T1,16485,"1, 0:13:43.438564",,,,,
G1M5D5T2,26716,"2, 0:22:14.994041",,,,,
G1M5D5T3,28930,"3, 0:24:05.694176",,,,,
G1M5D5T4,33797,"4, 0:28:09.040029",,,,,
G1M5D5T5,36352,"5, 0:30:16.782023",,,,,
G1M5D5T6,40588,"6, 0:33:48.582951",,,,,
G1M5D5T7,44204,"7, 0:36:49.359615",,,,,
G1M6D1T1,13821,"1, 0:11:29.549203",,,,,
G1M6D1T2,16772,"2, 0:13:57.126122",,,,,
G1M6D1T3,19275,"3, 0:16:02.237540",,,,,
G1M6D1T4,29665,"4, 0:24:41.719523",,,,,
G1M6D2T1,12517,"1, 0:10:23.831052",,,,,
G1M6D2T2,17283,"2, 0:14:22.142147",,,,,
G1M6D2T3,25766,"3, 0:21:26.252384",,,,,
G1M6D2T4,27941,"4, 0:23:14.953653",,,,,
G1M6D2T5,32148,"5, 0:26:45.354055",,,,,
G1M6D2T6,33977,"6, 0:28:16.797127",,,,,
G1M6D2T7,43358,"7, 0:36:05.784966",,,,,
G1M6D3T1,12149,"1, 0:10:06.750174",,,,,
G1M6D3T2,14791,"2, 0:12:18.807276",,,,,
G1M6D3T3,17210,"3, 0:14:19.777577",,,,,
G1M6D3T4,19442,"4, 0:16:11.345807",,,,,
G1M6D3T5,21434,"5, 0:17:50.947488",,,,,
G1M6D3T6,24784,"6, 0:20:38.435866",,,,,
G1M6D3T7,27289,"7, 0:22:43.678538",,,,,
G1M6D3T8,33742,"8, 0:28:06.340721",,,,,
G1M6D3T9,35100,"9, 0:29:14.255568",,,,,
G1M6D3T10,38287,"10, 0:31:53.550700",,,,,
G1M6D3T11,43320,"11, 0:36:05.245026",,,,,
G1M6D4T1,16659,"1, 0:13:52.454632",,,,,
G1M6D4T2,19253,"2, 0:16:02.162235",,,,,
G1M6D4T3,21729,"3, 0:18:05.937137",,,,,
G1M6D4T4,24043,"4, 0:20:01.666917",,,,,
G1M6D4T5,26494,"5, 0:22:04.205713",,,,,
G1M6D4T6,29726,"6, 0:24:45.800237",,,,,
G1M6D4T7,32337,"7, 0:26:56.366800",,,,,
G1M6D4T8,36711,"8, 0:30:35.059466",,,,,
G1M6D4T9,40921,"9, 0:34:05.526928",,,,,
G1M6D4T10,43570,"10, 0:36:17.962328",,,,,
G1M6D5T1,14682,"1, 0:12:10.967057",,,,,
G1M6D5T2,18137,"2, 0:15:03.729688",,,,,
G1M6D5T3,20290,"3, 0:16:51.334428",,,,,
G1M6D5T4,32062,"4, 0:26:39.923945",,,,,
G1M6D5T5,34347,"5, 0:28:34.180520",,,,,
G1M6D5T6,40433,"6, 0:33:38.437773",,,,,
G1M6D5T7,43741,"7, 0:36:23.838593",,,,,
G1M6D5T8,46944,"8, 0:39:04.039628",,,,,
G1M7D1T1,14762,"1, 0:12:16.649722",,,,,
G1M7D1T2,17216,"2, 0:14:19.377816",,,,,
G1M7D1T3,20825,"3, 0:17:19.829402",,,,,
G1M7D1T4,24215,"4, 0:20:09.303200",,,,,
G1M7D1T5,25824,"5, 0:21:29.723740",,,,,
G1M7D1T6,29273,"6, 0:24:22.210613",,,,,
G1M7D1T7,33909,"7, 0:28:13.949447",,,,,
G1M7D1T8,42108,"8, 0:35:03.881387",,,,,
G1M7D2T1,14982,"1, 0:12:27.736405",,,,,
G1M7D2T2,17508,"2, 0:14:34.052413",,,,,
G1M7D2T3,29580,"3, 0:24:37.617067",,,,,
G1M7D2T4,36231,"4, 0:30:10.175278",,,,,
G1M7D3T1,12143,"1, 0:10:04.355688",,,,,
G1M7D3T2,15214,"2, 0:12:37.969161",,,,,
G1M7D3T3,17782,"3, 0:14:46.328324",,,,,
G1M7D3T4,20049,"4, 0:16:39.657512",,,,,
G1M7D3T5,23352,"5, 0:19:24.808473",,,,,
G1M7D3T6,26155,"6, 0:21:44.995542",,,,,
G1M7D3T7,27820,"7, 0:23:08.199671",,,,,
G1M7D3T8,35116,"8, 0:29:12.987234",,,,,
G1M7D3T9,37301,"9, 0:31:02.227115",,,,,
G1M7D3T10,39960,"10, 0:33:15.205072",,,,,
G1M7D3T11,44224,"11, 0:36:48.396084",,,,,
G1M7D3T12,46322,"12, 0:38:33.302297",,,,,
G1M7D4T1,13519,"1, 0:11:14.291254",,,,,
G1M7D4T2,16225,"2, 0:13:29.550215",,,,,
G1M7D4T3,18270,"3, 0:15:11.812622",,,,,
G1M7D4T4,21863,"4, 0:18:11.461533",,,,,
G1M7D4T5,27916,"5, 0:23:14.067615",,,,,
G1M7D4T6,36620,"6, 0:30:29.282707",,,,,
G1M7D5T1,13741,"1, 0:11:26.452588",,,,,
G1M7D5T2,16719,"2, 0:13:55.349029",,,,,
G1M7D5T3,18813,"3, 0:15:40.023843",,,,,
G1M7D5T4,23234,"4, 0:19:21.104111",,,,,
G1M7D5T5,27738,"5, 0:23:06.288971",,,,,
G1M7D5T6,29639,"6, 0:24:41.304552",,,,,
G1M7D5T7,39847,"7, 0:33:11.720612",,,,,
G1M7D5T8,47587,"8, 0:39:38.685857",,,,,
G2M1D1T1,14053,T00:11:41.980,,,,,
G2M1D1T2,16827,T00:14:00.548,,,,,
G2M1D1T3,20528,T00:17:05.472,,,,,
G2M1D1T4,23495,T00:19:33.631,,,,,
G2M1D1T5,26274,T00:21:52.448,,,,,
G2M1D1T6,28812,T00:24:00.526,,,,,
G2M1D1T7,31151,T00:25:56.116,,,,,
G2M1D1T8,33255,T00:27:41.216,,,,,
G2M1D1T9,36222,T00:30:09.375,,,,,
G2M1D1T10,39885,T00:33:12.350,,,,,
G2M1D1T11,45435,T00:37:49.636,,,,,
G2M1D2T1,12697,"1, 0:10:33.992580",,,,,
G2M1D2T2,15301,"2, 0:12:44.192882",,,,,
G2M1D2T3,18033,"3, 0:15:00.780426",,,,,
G2M1D2T4,21452,"4, 0:17:51.760943",,,,,
G2M1D2T5,30597,"5, 0:25:28.942105",,,,,
G2M1D2T6,33499,"6, 0:27:54.069724",,,,,
G2M1D2T7,37338,"7, 0:31:06.006522",,,,,
G2M1D2T8,40156,"8, 0:33:26.904071",,,,,
G2M1D2T9,41695,"9, 0:34:43.862525",,,,,
G2M1D2T10,44682,"10, 0:37:13.173826",,,,,
G2M1D2T11,47261,"11, 0:39:22.118458",,,,,
G2M1D3T1,13516,"1, 0:11:14.207862",,,,,
G2M1D3T2,15449,"2, 0:12:50.870526",,,,,
G2M1D3T3,18198,"3, 0:15:08.316247",,,,,
G2M1D3T4,20242,"4, 0:16:50.529464",,,,,
G2M1D3T5,23426,"5, 0:19:29.698156",,,,,
G2M1D3T6,39096,"6, 0:32:33.166789",,,,,
G2M1D3T7,41953,"7, 0:34:56.013685",,,,,
G2M1D3T8,44738,"8, 0:37:15.249672",,,,,
G2M1D4T1,12667,"1, 0:10:32.070329",,,,,
G2M1D4T2,15551,"2, 0:12:56.283445",,,,,
G2M1D4T3,20520,"3, 0:17:04.697118",,,,,
G2M1D4T4,24259,"4, 0:20:11.625252",,,,,
G2M1D4T5,28905,"5, 0:24:03.956662",,,,,
G2M1D4T6,32203,"6, 0:26:48.837006",,,,,
G2M1D4T7,42203,"7, 0:35:08.789605",,,,,
G2M1D4T8,44383,"8, 0:36:57.795892",,,,,
G2M1D5T1,21029,"1, 0:17:30.353327",,,,,
G2M1D5T2,24167,"2, 0:20:07.208992",,,,,
G2M1D5T3,37354,"3, 0:31:06.557645",,,,,
G2M1D5T4,41302,"4, 0:34:23.924263",,,,,
G2M1D5T5,46675,"5, 0:38:52.557501",,,,,
G2M2D1T1,15718,T00:13:06.400,,,,,
G2M2D1T2,17714,T00:14:44.856,,,,,
G2M2D1T3,20753,T00:17:16.661,,,,,
G2M2D1T4,23130,T00:19:15.398,,,,,
G2M2D1T5,27397,T00:22:48.545,,,,,
G2M2D1T6,33558,T00:27:56.301,,,,,
G2M2D1T7,35804,T00:29:48.495,,,,,
G2M2D1T8,38496,T00:32:02.966,,,,,
G2M2D1T9,41323,T00:34:24.232,,,,,
G2M2D2T1,18847,"1, 0:15:41.078121",,,,,
G2M2D2T2,31471,"2, 0:26:12.246037",,,,,
G2M2D2T3,33184,"3, 0:27:37.890267",,,,,
G2M2D2T4,35877,"4, 0:29:52.548955",,,,,
G2M2D2T5,43894,"5, 0:36:33.354558",,,,,
G2M2D3T1,16862,"1, 0:14:01.994255",,,,,
G2M2D3T2,19475,"2, 0:16:12.636647",,,,,
G2M2D3T3,21946,"3, 0:18:16.163614",,,,,
G2M2D3T4,23796,"4, 0:19:48.646948",,,,,
G2M2D3T5,25577,"5, 0:21:17.735002",,,,,
G2M2D3T6,28094,"6, 0:23:23.547510",,,,,
G2M2D3T7,29913,"7, 0:24:54.487385",,,,,
G2M2D3T8,31688,"8, 0:26:23.239012",,,,,
G2M2D3T9,34719,"9, 0:28:54.812755",,,,,
G2M2D3T10,37945,"10, 0:31:36.067990",,,,,
G2M2D3T11,39837,"11, 0:33:10.688694",,,,,
G2M2D4T1,13123,"1, 0:10:55.143361",,,,,
G2M2D4T2,17237,"2, 0:14:20.850168",,,,,
G2M2D4T3,19545,"3, 0:16:16.183135",,,,,
G2M2D4T4,20998,"4, 0:17:28.865846",,,,,
G2M2D4T5,25795,"5, 0:21:28.729651",,,,,
G2M2D4T6,28761,"6, 0:23:57.025593",,,,,
G2M2D4T7,30776,"7, 0:25:37.738559",,,,,
G2M2D4T8,33372,"8, 0:27:47.526569",,,,,
G2M2D4T9,41658,"9, 0:34:41.797668",,,,,
G2M2D4T10,45611,"10, 0:37:59.457910",,,,,
G2M2D4T11,47157,"11, 0:39:16.784860",,,,,
G2M2D5T1,12653,"1, 0:10:30.431251",,,,,
G2M2D5T2,15152,"2, 0:12:35.382619",,,,,
G2M2D5T3,16799,"3, 0:13:57.751048",,,,,
G2M2D5T4,18809,"4, 0:15:38.231597",,,,,
G2M2D5T5,20804,"5, 0:17:17.965034",,,,,
G2M2D5T6,23476,"6, 0:19:31.563990",,,,,
G2M2D5T7,26785,"7, 0:22:16.998546",,,,,
G2M2D5T8,29862,"8, 0:24:50.848648",,,,,
G2M2D5T9,41038,"9, 0:34:09.596886",,,,,
G2M2D5T10,43428,"10, 0:36:09.131498",,,,,
G2M2D5T11,46038,"11, 0:38:19.597552",,,,,
G2M3D1T1,12121,"1, 0:10:03.632598",,,,,
G2M3D1T2,13677,"2, 0:11:21.449456",,,,,
G2M3D1T3,15795,"3, 0:13:07.329074",,,,,
G2M3D1T4,18371,"4, 0:15:16.131076",,,,,
G2M3D1T5,20187,"5, 0:16:46.899827",,,,,
G2M3D1T6,21967,"6, 0:18:15.908673",,,,,
G2M3D1T7,25386,"7, 0:21:06.827083",,,,,
G2M3D1T8,32691,"8, 0:27:12.068408",,,,,
G2M3D1T9,34789,"9, 0:28:56.955428",,,,,
G2M3D1T10,37237,"10, 0:30:59.328746",,,,,
G2M3D1T11,39827,"11, 0:33:08.856462",,,,,
G2M3D1T12,41598,"12, 0:34:37.372067",,,,,
G2M3D1T13,43590,"13, 0:36:17.041585",,,,,
G2M3D1T14,47490,"14, 0:39:31.990018",,,,,
G2M3D2T1,14741,"1, 0:12:16.193594",,,,,
G2M3D2T2,22617,"2, 0:18:50.013435",,,,,
G2M3D2T3,26247,"3, 0:21:51.478350",,,,,
G2M3D2T4,30862,"4, 0:25:42.206146",,,,,
G2M3D3T1,13451,"1, 0:11:11.093763",,,,,
G2M3D3T2,17414,"2, 0:14:29.257140",,,,,
G2M3D3T3,20497,"3, 0:17:03.389902",,,,,
G2M3D3T4,24488,"4, 0:20:22.926937",,,,,
G2M3D3T5,31943,"5, 0:26:35.660060",,,,,
G2M3D3T6,35070,"6, 0:29:12.035596",,,,,
G2M3D4T1,12511,"1, 0:10:24.735061",,,,,
G2M3D4T2,16211,"2, 0:13:29.727513",,,,,
G2M3D4T3,19451,"3, 0:16:11.728198",,,,,
G2M3D4T4,24650,"4, 0:20:31.653265",,,,,
G2M3D4T5,27279,"5, 0:22:43.110916",,,,,
G2M3D4T6,40980,"6, 0:34:08.102598",,,,,
G2M3D5T1,14127,"1, 0:11:45.186585",,,,,
G2M3D5T2,20089,"2, 0:16:43.269993",,,,,
G2M3D5T3,28456,"3, 0:23:41.634932",,,,,
G2M3D5T4,31952,"4, 0:26:36.425989",,,,,
G2M3D5T5,44900,"5, 0:37:23.752565",,,,,
G2M4D1T1,13683,"1, 0:11:21.811359",,,,,
G2M4D1T2,21199,"2, 0:17:37.604936",,,,,
G2M4D1T3,24390,"3, 0:20:17.104787",,,,,
G2M4D1T4,26685,"4, 0:22:11.896091",,,,,
G2M4D1T5,30957,"5, 0:25:45.446862",,,,,
G2M4D1T6,33322,"6, 0:27:43.734954",,,,,
G2M4D1T7,35596,"7, 0:29:37.435636",,,,,
G2M4D2T1,13377,"1, 0:11:07.816006",,,,,
G2M4D2T2,20860,"2, 0:17:21.946229",,,,,
G2M4D2T3,34367,"3, 0:28:37.311905",,,,,
G2M4D2T4,40860,"4, 0:34:01.931461",,,,,
G2M4D2T5,43997,"5, 0:36:38.767565",,,,,
G2M4D3T1,15229,"1, 0:12:40.220212",,,,,
G2M4D3T2,19278,"2, 0:16:02.653381",,,,,
G2M4D3T3,34034,"3, 0:28:20.452893",,,,,
G2M4D3T4,38014,"4, 0:31:39.439134",,,,,
G2M4D4T1,12626,"1, 0:10:30.471150",,,,,
G2M4D4T2,15210,"2, 0:12:39.664866",,,,,
G2M4D4T3,20358,"3, 0:16:57.048096",,,,,
G2M4D4T4,23095,"4, 0:19:13.872297",,,,,
G2M4D4T5,25841,"5, 0:21:31.191099",,,,,
G2M4D4T6,33998,"6, 0:28:19.018045",,,,,
G2M4D5T1,12532,"1, 0:10:24.045375",,,,,
G2M4D5T2,28619,"2, 0:23:48.342871",,,,,
G2M4D5T3,33144,"3, 0:27:34.577780",,,,,
G2M4D5T4,37941,"4, 0:31:34.392167",,,,,
G2M5D1T1,12466,"1, 0:10:22.143283",,,,,
G2M5D1T2,15110,"2, 0:12:34.327012",,,,,
G2M5D1T3,17472,"3, 0:14:32.460946",,,,,
G2M5D1T4,23155,"4, 0:19:16.560495",,,,,
G2M5D1T5,24951,"5, 0:20:46.359395",,,,,
G2M5D1T6,27977,"6, 0:23:17.692424",,,,,
G2M5D1T7,38837,"7, 0:32:20.625733",,,,,
G2M5D1T8,43295,"8, 0:36:03.542862",,,,,
G2M5D1T9,46407,"9, 0:38:39.110162",,,,,
G2M5D2T1,16872,"1, 0:14:01.222413",,,,,
G2M5D2T2,23470,"2, 0:19:31.122932",,,,,
G2M5D2T3,29676,"3, 0:24:41.372457",,,,,
G2M5D2T4,35746,"4, 0:29:44.864445",,,,,
G2M5D2T5,46082,"5, 0:38:21.639214",,,,,
G2M5D3T1,14050,"1, 0:11:41.605173",,,,,
G2M5D3T2,16964,"2, 0:14:07.314828",,,,,
G2M5D3T3,20999,"3, 0:17:29.042673",,,,,
G2M5D3T4,31478,"4, 0:26:12.970572",,,,,
G2M5D3T5,40199,"5, 0:33:28.972713",,,,,
G2M5D4T1,12264,"1, 0:10:12.108377",,,,,
G2M5D4T2,15376,"2, 0:12:47.704441",,,,,
G2M5D4T3,17619,"3, 0:14:39.864945",,,,,
G2M5D4T4,24071,"4, 0:20:02.462985",,,,,
G2M5D4T5,25950,"5, 0:21:36.405417",,,,,
G2M5D4T6,31652,"6, 0:26:21.494553",,,,,
G2M5D4T7,33576,"7, 0:27:57.655893",,,,,
G2M5D4T8,46845,"8, 0:39:01.081105",,,,,
G2M5D5T1,14096,"1, 0:11:43.429222",,,,,
G2M5D5T2,16231,"2, 0:13:30.177812",,,,,
G2M5D5T3,24689,"3, 0:20:33.025654",,,,,
G2M5D5T4,27389,"4, 0:22:48.018589",,,,,
G2M5D5T5,32028,"5, 0:26:39.992832",,,,,
G2M5D5T6,38428,"6, 0:31:59.944016",,,,,
G2M5D5T7,41989,"7, 0:34:57.977342",,,,,
G2M5D5T8,46089,"8, 0:38:23.013833",,,,,
G2M6D1T1,12337,"1, 0:10:14.392068",,,,,
G2M6D1T2,14555,"2, 0:12:05.251648",,,,,
G2M6D1T3,20017,"3, 0:16:38.398206",,,,,
G2M6D1T4,26258,"4, 0:21:50.381548",,,,,
G2M6D1T5,30239,"5, 0:25:09.419150",,,,,
G2M6D1T6,35592,"6, 0:29:37.091253",,,,,
G2M6D1T7,39927,"7, 0:33:13.797581",,,,,
G2M6D2T1,13302,"1, 0:11:02.715567",,,,,
G2M6D2T2,23210,"2, 0:19:18.110102",,,,,
G2M6D2T3,26423,"3, 0:21:58.751741",,,,,
G2M6D2T4,31077,"4, 0:25:51.448928",,,,,
G2M6D2T5,36563,"5, 0:30:25.742285",,,,,
G2M6D3T1,14292,"1, 0:11:53.847061",,,,,
G2M6D3T2,17955,"2, 0:14:57.013584",,,,,
G2M6D3T3,20895,"3, 0:17:23.983816",,,,,
G2M6D3T4,26752,"4, 0:22:16.857672",,,,,
G2M6D3T5,29753,"5, 0:24:46.904567",,,,,
G2M6D3T6,34979,"6, 0:29:08.181349",,,,,
G2M6D3T7,37130,"7, 0:30:55.714156",,,,,
G2M6D3T8,44347,"8, 0:36:56.560104",,,,,
G2M6D3T9,46892,"9, 0:39:03.815081",,,,,
G2M6D4T1,17134,"1, 0:14:14.668920",,,,,
G2M6D4T2,20002,"2, 0:16:38.051534",,,,,
G2M6D4T3,26942,"3, 0:22:25.054540",,,,,
G2M6D4T4,35284,"4, 0:29:22.132909",,,,,
G2M6D4T5,37022,"5, 0:30:49.035913",,,,,
G2M6D4T6,39157,"6, 0:32:35.777349",,,,,
G2M6D5T1,12321,"1, 0:10:14.818666",,,,,
G2M6D5T2,17656,"2, 0:14:41.539133",,,,,
G3M10D1T1,12624,"1, 0:10:29.932731",,,,,
G3M10D1T2,16359,"2, 0:13:36.665859",,,,,
G3M10D1T3,19279,"3, 0:16:02.651399",,,,,
G3M10D1T4,21876,"4, 0:18:12.518638",,,,,
G3M10D1T5,24899,"5, 0:20:43.668748",,,,,
G3M10D1T6,27611,"6, 0:22:59.260508",,,,,
G3M10D1T7,33564,"7, 0:27:56.894820",,,,,
G3M10D1T8,36353,"8, 0:30:16.332589",,,,,
G3M10D1T9,39898,"9, 0:33:13.566163",,,,,
G3M10D1T10,42975,"10, 0:35:47.431146",,,,,
G3M10D1T11,46946,"11, 0:39:05.957135",,,,,
G3M10D2T1,13540,"1, 0:11:13.828673",,,,,
G3M10D2T2,15574,"2, 0:12:55.485675",,,,,
G3M10D2T3,18920,"3, 0:15:42.780837",,,,,
G3M10D2T4,26873,"4, 0:22:20.399582",,,,,
G3M10D2T5,34920,"5, 0:29:02.789081",,,,,
G3M10D2T6,38590,"6, 0:32:06.250149",,,,,
G3M10D2T7,41698,"7, 0:34:41.660648",,,,,
G3M10D2T8,44054,"8, 0:36:39.478829",,,,,
G3M10D2T9,47096,"9, 0:39:11.539435",,,,,
G3M10D3T1,13168,"1, 0:10:56.618169",,,,,
G3M10D3T2,15149,"2, 0:12:35.657198",,,,,
G3M10D3T3,20139,"3, 0:16:45.154601",,,,,
G3M10D3T4,28325,"4, 0:23:34.401894",,,,,
G3M10D3T5,30928,"5, 0:25:44.554362",,,,,
G3M10D3T6,37814,"6, 0:31:28.835438",,,,,
G3M10D3T7,39214,"7, 0:32:38.823431",,,,,
G3M10D3T8,43533,"8, 0:36:14.777179",,,,,
G3M10D4T1,12167,"1, 0:10:07.288292",,,,,
G3M10D4T2,15634,"2, 0:13:00.630156",,,,,
G3M10D4T3,20612,"3, 0:17:09.515252",,,,,
G3M10D4T4,27073,"4, 0:22:32.580094",,,,,
G3M10D4T5,29350,"5, 0:24:26.408464",,,,,
G3M10D4T6,32093,"6, 0:26:43.540827",,,,,
G3M10D4T7,33716,"7, 0:28:04.699847",,,,,
G3M10D4T8,46521,"8, 0:38:44.912622",,,,,
G3M10D5T1,16776,"1, 0:13:56.887937",,,,,
G3M10D5T2,19158,"2, 0:15:55.962603",,,,,
G3M10D5T3,21429,"3, 0:17:49.534147",,,,,
G3M10D5T4,25455,"4, 0:21:10.835613",,,,,
G3M10D5T5,34403,"5, 0:28:38.199334",,,,,
G3M10D5T6,37565,"6, 0:31:16.264080",,,,,
G3M10D5T7,40181,"7, 0:33:27.085676",,,,,
G3M10D5T8,45599,"8, 0:37:57.955588",,,,,
G3M11D1T1,13662,"1, 0:11:00.900362",,,,,
G3M11D1T2,22374,"2, 0:18:16.507287",,,,,
G3M11D1T3,28043,"3, 0:22:59.890298",,,,,
G3M11D1T4,33980,"4, 0:27:56.753213",,,,,
G3M11D1T5,37905,"5, 0:31:13.004065",,,,,
G3M11D1T6,42906,"6, 0:35:23.019882",,,,,
G3M11D1T7,45176,"7, 0:37:16.503104",,,,,
G3M11D2T1,16257,"1, 0:13:30.557940",,,,,
G3M11D2T2,35562,"2, 0:29:35.765022",,,,,
G3M11D3T1,14345,"1, 0:11:46.312090",,,,,
G3M11D3T2,19876,"2, 0:16:22.861998",,,,,
G3M11D3T3,31906,"3, 0:26:24.378935",,,,,
G3M11D3T4,41538,"4, 0:34:25.915752",,,,,
G3M11D3T5,43832,"5, 0:36:20.607520",,,,,
G3M11D4T1,13222,"1, 0:10:59.653626",,,,,
G3M11D4T2,23180,"2, 0:19:17.546266",,,,,
G3M11D4T3,25902,"3, 0:21:33.602038",,,,,
G3M11D4T4,45545,"4, 0:37:55.706609",,,,,
G3M11D5T1,14143,"1, 0:11:44.849130",,,,,
G3M11D5T2,16262,"2, 0:13:30.826674",,,,,
G3M11D5T3,19928,"3, 0:16:34.122968",,,,,
G3M11D5T4,24794,"4, 0:20:37.395409",,,,,
G3M11D5T5,35149,"5, 0:29:15.144541",,,,,
G3M11D5T6,47313,"6, 0:39:23.338909",,,,,
G3M1D1T1,12789,T00:10:39.450,,,,,
G3M1D1T2,15806,T00:13:10.300,,,,,
G3M1D1T3,27521,T00:22:56.050,,,,,
G3M1D1T4,29186,T00:24:19.300,,,,,
G3M1D1T5,32150,T00:26:47.500,,,,,
G3M1D1T6,35517,T00:29:35.850,,,,,
G3M1D1T7,38480,T00:32:04.050,,,,,
G3M1D1T8,40329,T00:33:36.450,,,,,
G3M1D1T9,42940,T00:35:47.000,,,,,
G3M1D1T10,44783,T00:37:19.150,,,,,
G3M1D2T1,12643,"1, 0:10:31.644285",,,,,
G3M1D2T2,15784,"2, 0:13:08.661340",,,,,
G3M1D2T3,18778,"3, 0:15:38.371046",,,,,
G3M1D2T4,21353,"4, 0:17:47.091694",,,,,
G3M1D2T5,23169,"5, 0:19:17.908326",,,,,
G3M1D2T6,25559,"6, 0:21:17.414510",,,,,
G3M1D2T7,27991,"7, 0:23:18.979405",,,,,
G3M1D2T8,30857,"8, 0:25:42.262247",,,,,
G3M1D2T9,32792,"9, 0:27:19.032877",,,,,
G3M1D2T10,35158,"10, 0:29:17.331064",,,,,
G3M1D2T11,41408,"11, 0:34:29.842290",,,,,
G3M1D2T12,43781,"12, 0:36:28.469703",,,,,
G3M1D2T13,46411,"13, 0:38:39.958770",,,,,
G3M1D3T1,12588,"1, 0:10:28.011593",,,,,
G3M1D3T2,14451,"2, 0:12:01.175419",,,,,
G3M1D3T3,16572,"3, 0:13:47.153712",,,,,
G3M1D3T4,18544,"4, 0:15:25.784550",,,,,
G3M1D3T5,20214,"5, 0:16:49.308841",,,,,
G3M1D3T6,22450,"6, 0:18:41.091840",,,,,
G3M1D3T7,27407,"7, 0:22:48.887590",,,,,
G3M1D3T8,36622,"8, 0:30:29.687650",,,,,
G3M1D3T9,40139,"9, 0:33:25.505950",,,,,
G3M1D3T10,43133,"10, 0:35:55.179682",,,,,
G3M1D3T11,45882,"11, 0:38:12.628698",,,,,
G3M1D4T1,13079,"1, 0:10:53.199269",,,,,
G3M1D4T2,15335,"2, 0:12:45.980603",,,,,
G3M1D4T3,22414,"3, 0:18:39.913682",,,,,
G3M1D4T4,25424,"4, 0:21:10.398135",,,,,
G3M1D4T5,29491,"5, 0:24:33.759749",,,,,
G3M1D4T6,31827,"6, 0:26:30.541892",,,,,
G3M1D4T7,44895,"7, 0:37:23.951661",,,,,
G3M1D5T1,12622,"1, 0:10:28.239829",,,,,
G3M1D5T2,16892,"2, 0:14:01.742281",,,,,
G3M1D5T3,19224,"3, 0:15:58.303013",,,,,
G3M1D5T4,20872,"4, 0:17:20.725968",,,,,
G3M1D5T5,23677,"5, 0:19:40.940334",,,,,
G3M1D5T6,25562,"6, 0:21:15.202812",,,,,
G3M1D5T7,28634,"7, 0:23:48.791268",,,,,
G3M1D5T8,31615,"8, 0:26:17.838983",,,,,
G3M1D5T9,33755,"9, 0:28:04.819011",,,,,
G3M1D5T10,35849,"10, 0:29:49.522770",,,,,
G3M1D5T11,37614,"11, 0:31:17.747182",,,,,
G3M1D5T12,40484,"12, 0:33:41.282174",,,,,
G3M1D5T13,42716,"13, 0:35:32.857304",,,,,
G3M2D1T1,12205,T00:10:10.250,,,,,
G3M2D1T2,15655,T00:13:02.750,,,,,
G3M2D1T3,18377,T00:15:18.900,,,,,
G3M2D1T4,29654,T00:24:42.700,,,,,
G3M2D1T5,33096,T00:27:34.800,,,,,
G3M2D1T6,36122,T00:30:06.100,,,,,
G3M2D2T1,13572,"1, 0:11:08.942988",,,,,
G3M2D2T2,21130,"2, 0:17:26.792189",,,,,
G3M2D2T3,24595,"3, 0:20:20.041497",,,,,
G3M2D2T4,31269,"4, 0:25:53.734599",,,,,
G3M2D2T5,38532,"5, 0:31:56.886861",,,,,
G3M2D3T1,13842,"1, 0:11:30.943005",,,,,
G3M2D3T2,16755,"2, 0:13:56.592683",,,,,
G3M2D3T3,23575,"3, 0:19:37.543710",,,,,
G3M2D3T4,35745,"4, 0:29:46.018251",,,,,
G3M2D4T1,13558,"1, 0:11:16.357813",,,,,
G3M2D4T2,15506,"2, 0:12:53.760470",,,,,
G3M2D4T3,27291,"3, 0:22:42.989112",,,,,
G3M2D4T4,31545,"4, 0:26:15.683590",,,,,
G3M2D4T5,40800,"5, 0:33:58.414147",,,,,
G3M2D5T1,12410,"1, 0:10:18.051733",,,,,
G3M2D5T2,15115,"2, 0:12:33.329707",,,,,
G3M2D5T3,19947,"3, 0:16:34.863893",,,,,
G3M2D5T4,23751,"4, 0:19:45.082127",,,,,
G3M2D5T5,28721,"5, 0:23:53.604140",,,,,
G3M2D5T6,36152,"6, 0:30:05.128337",,,,,
G3M2D5T7,38668,"7, 0:32:10.897779",,,,,
G3M2D5T8,40950,"8, 0:34:04.979594",,,,,
G3M2D5T9,47870,"9, 0:39:50.996687",,,,,
G3M3D1T1,12284,T00:10:13.615,,,,,
G3M3D1T2,18311,T00:15:14.678,,,,,
G3M3D1T3,20752,T00:17:16.611,,,,,
G3M3D1T4,23746,T00:19:46.169,,,,,
G3M3D1T5,28473,T00:23:44.042,,,,,
G3M3D1T6,30409,T00:25:19.001,,,,,
G3M3D1T7,35495,T00:29:33.059,,,,,
G3M3D1T8,37123,T00:30:54.382,,,,,
G3M3D1T9,45024,T00:37:29.055,,,,,
G3M3D2T1,13870,"1, 0:11:32.493138",,,,,
G3M3D2T2,24385,"2, 0:20:18.190942",,,,,
G3M3D3T1,12573,"1, 0:10:27.616068",,,,,
G3M3D3T2,14661,"2, 0:12:12.036975",,,,,
G3M3D3T3,17588,"3, 0:14:38.364772",,,,,
G3M3D3T4,21263,"4, 0:17:42.110635",,,,,
G3M3D3T5,30244,"5, 0:25:11.163910",,,,,
G3M3D3T6,36672,"6, 0:30:32.520201",,,,,
G3M3D3T7,38592,"7, 0:32:08.537798",,,,,
G3M3D3T8,47557,"8, 0:39:36.740080",,,,,
G3M3D4T1,14589,"1, 0:12:08.223894",,,,,
G3M3D4T2,18139,"2, 0:15:05.735040",,,,,
G3M3D4T3,20725,"3, 0:17:15.041463",,,,,
G3M3D4T4,23421,"4, 0:19:29.803511",,,,,
G3M3D4T5,25494,"5, 0:21:13.471871",,,,,
G3M3D4T6,30286,"6, 0:25:13.042909",,,,,
G3M3D4T7,33612,"7, 0:27:59.373377",,,,,
G3M3D4T8,35482,"8, 0:29:32.881943",,,,,
G3M3D4T9,46156,"9, 0:38:26.506274",,,,,
G3M3D5T1,13538,"1, 0:11:15.734155",,,,,
G3M3D5T2,19350,"2, 0:16:06.306555",,,,,
G3M3D5T3,21817,"3, 0:18:09.656653",,,,,
G3M3D5T4,26737,"4, 0:22:15.626114",,,,,
G3M3D5T5,28462,"5, 0:23:41.897886",,,,,
G3M3D5T6,31199,"6, 0:25:58.743079",,,,,
G3M3D5T7,37373,"7, 0:31:07.428161",,,,,
G3M3D5T8,39831,"8, 0:33:10.299180",,,,,
G3M4D1T1,13350,T00:11:08.167,,,,,
G3M4D1T2,20602,T00:17:11.180,,,,,
G3M4D1T3,25774,T00:21:29.988,,,,,
G3M4D1T4,29883,T00:24:55.644,,,,,
G3M4D2T1,12509,"1, 0:10:23.356549",,,,,
G3M4D2T2,14940,"2, 0:12:24.900404",,,,,
G3M4D2T3,19621,"3, 0:16:18.954355",,,,,
G3M4D3T1,21923,"1, 0:18:14.994579",,,,,
G3M4D3T2,34228,"2, 0:28:30.225001",,,,,
G3M4D4T1,19276,"1, 0:16:02.505951",,,,,
G3M4D5T1,15755,"1, 0:13:06.429515",,,,,
G3M4D5T2,18058,"2, 0:15:01.545108",,,,,
G3M4D5T3,20536,"3, 0:17:05.462924",,,,,
G3M4D5T4,23994,"4, 0:19:58.388896",,,,,
G3M4D5T5,26172,"5, 0:21:47.264180",,,,,
G3M4D5T6,32007,"6, 0:26:39.035684",,,,,
G3M4D5T7,35328,"7, 0:29:25.070531",,,,,
G3M4D5T8,43667,"8, 0:36:21.998268",,,,,
G3M4D5T9,45230,"9, 0:37:40.110110",,,,,
G3M4D5T10,46768,"10, 0:38:57.013119",,,,,
G3M5D1T1,12691,"1, 0:10:33.169135",,,,,
G3M5D1T2,14615,"2, 0:12:09.386496",,,,,
G3M5D1T3,16610,"3, 0:13:49.103645",,,,,
G3M5D1T4,18997,"4, 0:15:48.485903",,,,,
G3M5D1T5,23161,"5, 0:19:16.635712",,,,,
G3M5D1T6,26560,"6, 0:22:06.603384",,,,,
G3M5D1T7,31604,"7, 0:26:18.801775",,,,,
G3M5D1T8,42042,"8, 0:35:00.670332",,,,,
G3M5D1T9,45653,"9, 0:38:01.184933",,,,,
G3M5D2T1,12295,"1, 0:10:13.557893",,,,,
G3M5D2T2,25598,"2, 0:21:18.691000",,,,,
G3M5D3T1,12916,"1, 0:10:44.632108",,,,,
G3M5D3T2,14562,"2, 0:12:06.932693",,,,,
G3M5D3T3,21382,"3, 0:17:47.948234",,,,,
G3M5D4T1,14075,"1, 0:11:39.894514",,,,,
G3M5D4T2,17229,"2, 0:14:17.636365",,,,,
G3M5D4T3,18894,"3, 0:15:40.821387",,,,,
G3M5D4T4,23589,"4, 0:19:35.581853",,,,,
G3M5D4T5,29406,"5, 0:24:26.418735",,,,,
G3M5D4T6,32375,"6, 0:26:54.879324",,,,,
G3M5D4T7,40034,"7, 0:33:17.813851",,,,,
G3M5D5T1,12596,"1, 0:10:27.186246",,,,,
G3M5D5T2,17859,"2, 0:14:50.320204",,,,,
G3M5D5T3,20624,"3, 0:17:08.614855",,,,,
G3M5D5T4,22146,"4, 0:18:24.691178",,,,,
G3M5D5T5,25216,"5, 0:20:58.186385",,,,,
G3M5D5T6,27830,"6, 0:23:08.894215",,,,,
G3M5D5T7,31383,"7, 0:26:06.506303",,,,,
G3M5D5T8,33690,"8, 0:28:01.851797",,,,,
G3M5D5T9,36853,"9, 0:30:39.961856",,,,,
G3M5D5T10,39451,"10, 0:32:49.923405",,,,,
G3M5D5T11,41612,"11, 0:34:37.925812",,,,,
G3M6D1T1,12800,"1, 0:10:38.579307",,,,,
G3M6D1T2,14904,"2, 0:12:23.763591",,,,,
G3M6D1T3,20498,"3, 0:17:03.477812",,,,,
G3M6D1T4,22726,"4, 0:18:54.879915",,,,,
G3M6D1T5,27106,"5, 0:22:33.861858",,,,,
G3M6D1T6,29879,"6, 0:24:52.479128",,,,,
G3M6D1T7,36849,"7, 0:30:40.978972",,,,,
G3M6D1T8,39423,"8, 0:32:49.693901",,,,,
G3M6D1T9,42651,"9, 0:35:31.077765",,,,,
G3M6D2T1,17906,"1, 0:14:53.256409",,,,,
G3M6D2T2,20913,"2, 0:17:23.606084",,,,,
G3M6D2T3,24198,"3, 0:20:07.871986",,,,,
G3M6D2T4,27927,"4, 0:23:14.288121",,,,,
G3M6D3T1,12082,"1, 0:10:02.043192",,,,,
G3M6D3T2,17644,"2, 0:14:40.143207",,,,,
G3M6D3T3,19869,"3, 0:16:31.359791",,,,,
G3M6D3T4,25642,"4, 0:21:20.009420",,,,,
G3M6D3T5,29333,"5, 0:24:24.579184",,,,,
G3M6D3T6,40920,"6, 0:34:03.875328",,,,,
G3M6D3T7,42545,"7, 0:35:25.127648",,,,,
G3M6D3T8,44281,"8, 0:36:51.909034",,,,,
G3M6D3T9,46735,"9, 0:38:54.625367",,,,,
G3M6D4T1,20411,"1, 0:16:58.766356",,,,,
G3M6D4T2,23894,"2, 0:19:52.941984",,,,,
G3M6D5T1,12620,"1, 0:10:29.752516",,,,,
G3M6D5T2,14698,"2, 0:12:13.685858",,,,,
G3M6D5T3,16414,"3, 0:13:39.435842",,,,,
G3M6D5T4,19172,"4, 0:15:57.368097",,,,,
G3M6D5T5,27751,"5, 0:23:06.304601",,,,,
G3M6D5T6,35201,"6, 0:29:18.750432",,,,,
G3M6D5T7,37296,"7, 0:31:03.484496",,,,,
G3M6D5T8,39156,"8, 0:32:36.508040",,,,,
G3M6D5T9,41992,"9, 0:34:58.310241",,,,,
G3M6D5T10,47521,"10, 0:39:34.758063",,,,,
G3M7D1T1,12355,"1, 0:10:14.020829",,,,,
G3M7D1T2,14795,"2, 0:12:15.973356",,,,,
G3M7D1T3,18136,"3, 0:15:02.992047",,,,,
G3M7D1T4,21089,"4, 0:17:30.681245",,,,,
G3M7D1T5,23576,"5, 0:19:34.995348",,,,,
G3M7D1T6,26308,"6, 0:21:51.586345",,,,,
G3M7D1T7,30188,"7, 0:25:05.580978",,,,,
G3M7D1T8,32818,"8, 0:27:17.083149",,,,,
G3M7D1T9,35062,"9, 0:29:09.287478",,,,,
G3M7D1T10,37943,"10, 0:31:33.305691",,,,,
G3M7D1T11,40671,"11, 0:33:49.707382",,,,,
G3M7D1T12,44199,"12, 0:36:46.113000",,,,,
G3M7D1T13,46462,"13, 0:38:39.248626",,,,,
G3M7D2T1,12630,"1, 0:10:30.696786",,,,,
G3M7D2T2,16821,"2, 0:14:00.186232",,,,,
G3M7D2T3,19159,"3, 0:15:57.119683",,,,,
G3M7D2T4,25000,"4, 0:20:49.127907",,,,,
G3M7D2T5,28000,"5, 0:23:19.139048",,,,,
G3M7D2T6,30970,"6, 0:25:47.616486",,,,,
G3M7D2T7,33393,"7, 0:27:48.779435",,,,,
G3M7D2T8,41576,"8, 0:34:37.914319",,,,,
G3M7D2T9,45610,"9, 0:37:59.614814",,,,,
G3M7D3T1,14232,"1, 0:11:50.518449",,,,,
G3M7D3T2,16875,"2, 0:14:02.666849",,,,,
G3M7D3T3,20194,"3, 0:16:48.568389",,,,,
G3M7D3T4,22569,"4, 0:18:47.336723",,,,,
G3M7D3T5,28865,"5, 0:24:02.107569",,,,,
G3M7D3T6,34300,"6, 0:28:33.852907",,,,,
G3M7D3T7,39460,"7, 0:32:51.836833",,,,,
G3M7D4T1,12292,"1, 0:10:12.674964",,,,,
G3M7D4T2,14308,"2, 0:11:53.476279",,,,,
G3M7D4T3,16383,"3, 0:13:37.213318",,,,,
G3M7D4T4,19215,"4, 0:15:58.795648",,,,,
G3M7D4T5,21365,"5, 0:17:46.342854",,,,,
G3M7D4T6,24575,"6, 0:20:26.791770",,,,,
G3M7D4T7,29877,"7, 0:24:51.891004",,,,,
G3M7D4T8,32682,"8, 0:27:12.139445",,,,,
G3M7D4T9,37767,"9, 0:31:26.398326",,,,,
G3M7D4T10,39806,"10, 0:33:08.318948",,,,,
G3M7D4T11,44727,"11, 0:37:14.400819",,,,,
G3M7D4T12,47060,"12, 0:39:11.048653",,,,,
G3M7D5T1,15310,"1, 0:12:43.507207",,,,,
G3M7D5T2,18393,"2, 0:15:17.652237",,,,,
G3M7D5T3,22557,"3, 0:18:45.851315",,,,,
G3M7D5T4,25371,"4, 0:21:06.536507",,,,,
G3M7D5T5,28188,"5, 0:23:27.382483",,,,,
G3M7D5T6,30283,"6, 0:25:12.094368",,,,,
G3M7D5T7,32122,"7, 0:26:44.035197",,,,,
G3M7D5T8,34186,"8, 0:28:27.241917",,,,,
G3M7D5T9,37010,"9, 0:30:48.433590",,,,,
G3M7D5T10,39295,"10, 0:32:42.648775",,,,,
G3M7D5T11,45817,"11, 0:38:08.749426",,,,,
G3M8D1T1,14196,"1, 0:11:48.161701",,,,,
G3M8D1T2,16464,"2, 0:13:41.576177",,,,,
G3M8D1T3,19518,"3, 0:16:14.250320",,,,,
G3M8D1T4,21419,"4, 0:17:49.291800",,,,,
G3M8D1T5,24727,"5, 0:20:34.681133",,,,,
G3M8D1T6,26182,"6, 0:21:47.467324",,,,,
G3M8D1T7,30610,"7, 0:25:28.827124",,,,,
G3M8D1T8,33405,"8, 0:27:48.597835",,,,,
G3M8D1T9,35453,"9, 0:29:30.988282",,,,,
G3M8D1T10,37515,"10, 0:31:14.107721",,,,,
G3M8D1T11,45114,"11, 0:37:34.014992",,,,,
G3M8D2T1,12476,"1, 0:10:22.458122",,,,,
G3M8D2T2,14445,"2, 0:12:00.923428",,,,,
G3M8D2T3,16393,"3, 0:13:38.275195",,,,,
G3M8D2T4,28241,"4, 0:23:30.666826",,,,,
G3M8D2T5,30647,"5, 0:25:30.902871",,,,,
G3M8D2T6,47174,"6, 0:39:17.313404",,,,,
G3M8D3T1,16179,"1, 0:13:27.729930",,,,,
G3M8D3T2,19609,"2, 0:16:19.287447",,,,,
G3M8D3T3,23100,"3, 0:19:13.792373",,,,,
G3M8D3T4,26167,"4, 0:21:47.159700",,,,,
G3M8D3T5,28428,"5, 0:23:40.152999",,,,,
G3M8D3T6,34042,"6, 0:28:20.878846",,,,,
G3M8D3T7,36198,"7, 0:30:08.655265",,,,,
G3M8D3T8,38883,"8, 0:32:22.893103",,,,,
G3M8D3T9,43380,"9, 0:36:07.759510",,,,,
G3M8D3T10,46367,"10, 0:38:37.077823",,,,,
G3M8D4T1,12722,"1, 0:10:34.897900",,,,,
G3M8D4T2,14703,"2, 0:12:13.912284",,,,,
G3M8D4T3,16551,"3, 0:13:46.313629",,,,,
G3M8D4T4,19039,"4, 0:15:50.709719",,,,,
G3M8D4T5,21592,"5, 0:17:58.268612",,,,,
G3M8D4T6,24095,"6, 0:20:03.501503",,,,,
G3M8D4T7,26186,"7, 0:21:48.063837",,,,,
G3M8D4T8,29978,"8, 0:24:57.645522",,,,,
G3M8D4T9,33239,"9, 0:27:40.702676",,,,,
G3M8D4T10,39142,"10, 0:32:35.834209",,,,,
G3M8D4T11,45383,"11, 0:37:47.761688",,,,,
G3M8D4T12,47787,"12, 0:39:48.056450",,,,,
G3M8D5T1,12658,"1, 0:10:31.376066",,,,,
G3M8D5T2,15987,"2, 0:13:17.852144",,,,,
G3M8D5T3,18237,"3, 0:15:10.349864",,,,,
G3M8D5T4,24411,"4, 0:20:19.029284",,,,,
G3M8D5T5,28629,"5, 0:23:49.910624",,,,,
G3M8D5T6,34431,"6, 0:28:40.018978",,,,,
G3M8D5T7,40951,"7, 0:34:05.999783",,,,,
G3M8D5T8,43941,"8, 0:36:35.493029",,,,,
G3M9D1T1,12960,"1, 0:10:47.234437",,,,,
G3M9D1T2,16839,"2, 0:14:01.191509",,,,,
G3M9D1T3,21429,"3, 0:17:50.677716",,,,,
G3M9D1T4,31202,"4, 0:25:59.321540",,,,,
G3M9D1T5,34033,"5, 0:28:20.855591",,,,,
G3M9D1T6,35921,"6, 0:29:55.245430",,,,,
G3M9D1T7,42161,"7, 0:35:07.231549",,,,,
G3M9D1T8,45547,"8, 0:37:56.505369",,,,,
G3M9D2T1,14442,"1, 0:12:00.799472",,,,,
G3M9D2T2,17979,"2, 0:14:57.624447",,,,,
G3M9D2T3,20581,"3, 0:17:07.765967",,,,,
G3M9D2T4,28444,"4, 0:23:40.870564",,,,,
G3M9D3T1,13998,"1, 0:11:38.622375",,,,,
G3M9D3T2,18624,"2, 0:15:29.912060",,,,,
G3M9D3T3,21612,"3, 0:17:59.298857",,,,,
G3M9D3T4,23419,"4, 0:19:29.671678",,,,,
G3M9D3T5,26799,"5, 0:22:18.639618",,,,,
G3M9D3T6,31988,"6, 0:26:38.082270",,,,,
G3M9D3T7,35394,"7, 0:29:28.397903",,,,,
G3M9D3T8,43230,"8, 0:36:00.142075",,,,,
G3M9D4T1,12276,"1, 0:10:12.871491",,,,,
G3M9D4T2,15419,"2, 0:12:50.002053",,,,,
G3M9D4T3,19737,"3, 0:16:25.927246",,,,,
G3M9D4T4,23009,"4, 0:19:09.514140",,,,,
G3M9D4T5,25418,"5, 0:21:09.993713",,,,,
G3M9D4T6,28039,"6, 0:23:21.006522",,,,,
G3M9D4T7,36533,"7, 0:30:25.702947",,,,,
G3M9D4T8,39215,"8, 0:32:39.784327",,,,,
G3M9D4T9,44087,"9, 0:36:43.377437",,,,,
G3M9D4T10,47147,"10, 0:39:16.377740",,,,,
G3M9D5T1,12949,"1, 0:10:44.989350",,,,,
G3M9D5T2,16048,"2, 0:13:19.943804",,,,,
G3M9D5T3,18957,"3, 0:15:45.380461",,,,,
G3M9D5T4,21819,"4, 0:18:08.486729",,,,,
G3M9D5T5,24330,"5, 0:20:14.048244",,,,,
G3M9D5T6,27756,"6, 0:23:05.306090",,,,,
G3M9D5T7,32645,"7, 0:27:09.729940",,,,,
G3M9D5T8,36870,"8, 0:30:40.965297",,,,,
G3M9D5T9,39228,"9, 0:32:38.889104",,,,,
G3M9D5T10,42595,"10, 0:35:27.241742",,,,,
G3M9D5T11,45417,"11, 0:37:48.319078",,,,,
G4M10D1T1,13021,"1, 0:10:50.159845",,,,,
G4M10D1T2,15136,"2, 0:12:35.907506",,,,,
G4M10D1T3,17955,"3, 0:14:56.823601",,,,,
G4M10D1T4,19852,"4, 0:16:31.680759",,,,,
G4M10D1T5,22544,"5, 0:18:46.286444",,,,,
G4M10D1T6,24538,"6, 0:20:25.978200",,,,,
G4M10D1T7,27045,"7, 0:22:31.322406",,,,,
G4M10D1T8,29790,"8, 0:24:48.586016",,,,,
G4M10D1T9,32348,"9, 0:26:56.477310",,,,,
G4M10D1T10,34107,"10, 0:28:24.431367",,,,,
G4M10D1T11,36106,"11, 0:30:04.349826",,,,,
G4M10D1T12,41633,"12, 0:34:40.672266",,,,,
G4M10D1T13,44529,"13, 0:37:05.472899",,,,,
G4M10D1T14,46350,"14, 0:38:36.554226",,,,,
G4M10D2T1,12977,"1, 0:10:45.681899",,,,,
G4M10D2T2,20146,"2, 0:16:44.131215",,,,,
G4M10D2T3,24736,"3, 0:20:33.640633",,,,,
G4M10D2T4,27059,"4, 0:22:29.733066",,,,,
G4M10D2T5,31717,"5, 0:26:22.655727",,,,,
G4M10D2T6,35134,"6, 0:29:13.467602",,,,,
G4M10D2T7,39348,"7, 0:32:44.195413",,,,,
G4M10D2T8,42391,"8, 0:35:16.332517",,,,,
G4M10D2T9,46719,"9, 0:38:52.693679",,,,,
G4M10D3T1,12969,"1, 0:10:46.240657",,,,,
G4M10D3T2,17382,"2, 0:14:26.905865",,,,,
G4M10D3T3,19439,"3, 0:16:09.700487",,,,,
G4M10D3T4,21941,"4, 0:18:14.831345",,,,,
G4M10D3T5,25191,"5, 0:20:57.306623",,,,,
G4M10D3T6,28058,"6, 0:23:20.680763",,,,,
G4M10D3T7,31934,"7, 0:26:34.436098",,,,,
G4M10D3T8,35724,"8, 0:29:43.967975",,,,,
G4M10D3T9,39322,"9, 0:32:43.859470",,,,,
G4M10D3T10,41953,"10, 0:34:55.391442",,,,,
G4M10D4T1,12098,"1, 0:10:04.089948",,,,,
G4M10D4T2,14663,"2, 0:12:12.344188",,,,,
G4M10D4T3,19441,"3, 0:16:11.273570",,,,,
G4M10D4T4,24507,"4, 0:20:24.551911",,,,,
G4M10D4T5,27721,"5, 0:23:05.233325",,,,,
G4M10D4T6,30524,"6, 0:25:25.364270",,,,,
G4M10D4T7,36013,"7, 0:29:59.784333",,,,,
G4M10D4T8,38473,"8, 0:32:02.816904",,,,,
G4M10D4T9,42070,"9, 0:35:02.668191",,,,,
G4M10D4T10,46050,"10, 0:38:21.656086",,,,,
G4M10D5T1,16745,"1, 0:13:56.248682",,,,,
G4M10D5T2,21763,"2, 0:18:07.117378",,,,,
G4M10D5T3,24853,"3, 0:20:41.635445",,,,,
G4M10D5T4,27609,"4, 0:22:59.425244",,,,,
G4M10D5T5,30934,"5, 0:25:45.652530",,,,,
G4M10D5T6,33707,"6, 0:28:04.290662",,,,,
G4M10D5T7,40234,"7, 0:33:30.642213",,,,,
G4M10D5T8,43020,"8, 0:35:49.908859",,,,,
G4M10D5T9,45036,"9, 0:37:30.695048",,,,,
G4M11D1T1,13079,"1, 0:10:53.027507",,,,,
G4M11D1T2,15806,"2, 0:13:09.367740",,,,,
G4M11D1T3,20239,"3, 0:16:50.979878",,,,,
G4M11D1T4,23854,"4, 0:19:51.738478",,,,,
G4M11D1T5,26105,"5, 0:21:44.273427",,,,,
G4M11D1T6,29038,"6, 0:24:10.934512",,,,,
G4M11D1T7,31538,"7, 0:26:15.906903",,,,,
G4M11D1T8,34558,"8, 0:28:46.936191",,,,,
G4M11D1T9,37486,"9, 0:31:13.319667",,,,,
G4M11D1T10,40839,"10, 0:34:00.957539",,,,,
G4M11D1T11,45193,"11, 0:37:38.658703",,,,,
G4M11D2T1,12420,"1, 0:10:17.566182",,,,,
G4M11D2T2,15104,"2, 0:12:31.798399",,,,,
G4M11D2T3,18012,"3, 0:14:57.137604",,,,,
G4M11D2T4,21281,"4, 0:17:40.598729",,,,,
G4M11D2T5,23774,"5, 0:19:45.264458",,,,,
G4M11D2T6,26835,"6, 0:22:18.280630",,,,,
G4M11D2T7,28880,"7, 0:24:00.572912",,,,,
G4M11D2T8,32021,"8, 0:26:37.625765",,,,,
G4M11D2T9,40842,"9, 0:33:58.639018",,,,,
G4M11D2T10,46054,"10, 0:38:19.233343",,,,,
G4M11D3T1,13160,"1, 0:10:56.563771",,,,,
G4M11D3T2,16542,"2, 0:13:45.662620",,,,,
G4M11D3T3,19198,"3, 0:15:58.435108",,,,,
G4M11D3T4,22911,"4, 0:19:04.108425",,,,,
G4M11D3T5,28108,"5, 0:23:23.962095",,,,,
G4M11D3T6,30679,"6, 0:25:32.483764",,,,,
G4M11D3T7,35546,"7, 0:29:35.824819",,,,,
G4M11D3T8,42401,"8, 0:35:18.571386",,,,,
G4M11D3T9,44678,"9, 0:37:12.404215",,,,,
G4M11D4T1,12728,"1, 0:10:29.501822",,,,,
G4M11D4T2,16970,"2, 0:14:01.588241",,,,,
G4M11D4T3,20894,"3, 0:17:17.774745",,,,,
G4M11D4T4,24361,"4, 0:20:11.121474",,,,,
G4M11D4T5,27758,"5, 0:23:00.957542",,,,,
G4M11D4T6,30058,"6, 0:24:55.946051",,,,,
G4M11D4T7,32344,"7, 0:26:50.229659",,,,,
G4M11D4T8,35726,"8, 0:29:39.325995",,,,,
G4M11D4T9,38879,"9, 0:32:16.993676",,,,,
G4M11D4T10,40853,"10, 0:33:55.688427",,,,,
G4M11D4T11,45150,"11, 0:37:30.536114",,,,,
G4M11D5T1,12519,"1, 0:10:24.524769",,,,,
G4M11D5T2,15438,"2, 0:12:50.498647",,,,,
G4M11D5T3,18836,"3, 0:15:40.368430",,,,,
G4M11D5T4,23469,"4, 0:19:32.007541",,,,,
G4M11D5T5,26572,"5, 0:22:07.143255",,,,,
G4M11D5T6,29187,"6, 0:24:17.881937",,,,,
G4M11D5T7,33048,"7, 0:27:30.937587",,,,,
G4M11D5T8,36235,"8, 0:30:10.301966",,,,,
G4M11D5T9,39338,"9, 0:32:45.453955",,,,,
G4M11D5T10,43312,"10, 0:36:04.114323",,,,,
G4M11D5T11,45963,"11, 0:38:16.669191",,,,,
G4M1D1T1,12118,T00:10:04.168,,,,,
G4M1D1T2,14665,T00:12:11.155,,,,,
G4M1D1T3,17090,T00:14:12.108,,,,,
G4M1D1T4,19896,T00:16:32.007,,,,,
G4M1D1T5,22246,T00:18:29.171,,,,,
G4M1D1T6,24987,T00:20:45.780,,,,,
G4M1D1T7,26603,T00:22:06.349,,,,,
G4M1D1T8,29875,T00:24:49.482,,,,,
G4M1D1T9,32810,T00:27:15.812,,,,,
G4M1D1T10,35233,T00:29:16.616,,,,,
G4M1D1T11,40947,T00:34:01.500,,,,,
G4M1D1T12,42825,T00:35:35.132,,,,,
G4M1D1T13,44860,T00:37:16.591,,,,,
G4M1D1T14,47560,T00:39:31.205,,,,,
G4M1D2T1,15235,"1, 0:12:32.446820",,,,,
G4M1D2T2,18013,"2, 0:14:51.330874",,,,,
G4M1D2T3,22828,"3, 0:18:52.087106",,,,,
G4M1D2T4,26426,"4, 0:21:51.996921",,,,,
G4M1D2T5,40309,"5, 0:33:26.084381",,,,,
G4M1D3T1,12029,"1, 0:10:00.073861",,,,,
G4M1D3T2,15257,"2, 0:12:41.478269",,,,,
G4M1D3T3,18519,"3, 0:15:24.547478",,,,,
G4M1D3T4,21942,"4, 0:18:15.702128",,,,,
G4M1D3T5,23705,"5, 0:19:43.862391",,,,,
G4M1D3T6,26016,"6, 0:21:39.395722",,,,,
G4M1D3T7,27792,"7, 0:23:08.193410",,,,,
G4M1D3T8,31899,"8, 0:26:33.541958",,,,,
G4M1D3T9,34281,"9, 0:28:32.636989",,,,,
G4M1D3T10,40003,"10, 0:33:18.723678",,,,,
G4M1D3T11,44351,"11, 0:36:56.117831",,,,,
G4M1D3T12,46988,"12, 0:39:07.960641",,,,,
G4M1D4T1,14671,"1, 0:12:11.298888",,,,,
G4M1D5T1,12181,"1, 0:10:06.103661",,,,,
G4M1D5T2,14277,"2, 0:11:50.897031",,,,,
G4M1D5T3,17591,"3, 0:14:36.566130",,,,,
G4M1D5T4,20604,"4, 0:17:07.273246",,,,,
G4M1D5T5,35651,"5, 0:29:39.555520",,,,,
G4M1D5T6,40160,"6, 0:33:24.981437",,,,,
G4M1D5T7,44494,"7, 0:37:01.684059",,,,,
G4M2D1T1,13322,"1, 0:11:05.105853",,,,,
G4M2D1T2,16865,"2, 0:14:02.245509",,,,,
G4M2D1T3,24444,"3, 0:20:21.163750",,,,,
G4M2D1T4,33584,"4, 0:27:58.158738",,,,,
G4M2D1T5,36773,"5, 0:30:37.582898",,,,,
G4M2D1T6,46900,"6, 0:39:03.915302",,,,,
G4M2D2T1,13122,"1, 0:10:55.117267",,,,,
G4M2D2T2,18400,"2, 0:15:18.997338",,,,,
G4M2D2T3,20639,"3, 0:17:10.933018",,,,,
G4M2D2T4,24472,"4, 0:20:22.572970",,,,,
G4M2D2T5,27287,"5, 0:22:43.346202",,,,,
G4M2D2T6,30357,"6, 0:25:16.812318",,,,,
G4M2D2T7,38744,"7, 0:32:16.167681",,,,,
G4M2D2T8,44256,"8, 0:36:51.733857",,,,,
G4M2D3T1,12880,"1, 0:10:42.795114",,,,,
G4M2D3T2,15620,"2, 0:12:59.782488",,,,,
G4M2D3T3,18031,"3, 0:15:00.352377",,,,,
G4M2D3T4,23946,"4, 0:19:56.091247",,,,,
G4M2D3T5,27893,"5, 0:23:13.398613",,,,,
G4M2D3T6,30766,"6, 0:25:37.052264",,,,,
G4M2D3T7,35052,"7, 0:29:11.334644",,,,,
G4M2D3T8,39204,"8, 0:32:38.930161",,,,,
G4M2D3T9,41443,"9, 0:34:30.881327",,,,,
G4M2D4T1,13923,"1, 0:11:34.764584",,,,,
G4M2D4T2,16454,"2, 0:13:41.346042",,,,,
G4M2D4T3,20447,"3, 0:17:00.965030",,,,,
G4M2D4T4,24459,"4, 0:20:21.580684",,,,,
G4M2D4T5,30381,"5, 0:25:17.662731",,,,,
G4M2D4T6,32194,"6, 0:26:48.298049",,,,,
G4M2D4T7,35273,"7, 0:29:22.247006",,,,,
G4M2D4T8,40413,"8, 0:33:39.262406",,,,,
G4M2D4T9,44404,"9, 0:36:58.747858",,,,,
G4M2D4T10,46803,"10, 0:38:58.713182",,,,,
G4M2D5T1,18017,"1, 0:14:58.136761",,,,,
G4M2D5T2,21908,"2, 0:18:12.698538",,,,,
G4M2D5T3,23789,"3, 0:19:46.742519",,,,,
G4M2D5T4,31721,"4, 0:26:23.335687",,,,,
G4M2D5T5,33923,"5, 0:28:13.379778",,,,,
G4M2D5T6,42109,"6, 0:35:02.697325",,,,,
G4M2D5T7,47352,"7, 0:39:24.810613",,,,,
G4M3D1T1,12963,"1, 0:10:47.021231",,,,,
G4M3D1T2,15457,"2, 0:12:51.711181",,,,,
G4M3D1T3,17960,"3, 0:14:56.855674",,,,,
G4M3D1T4,25101,"4, 0:20:53.876221",,,,,
G4M3D1T5,28276,"5, 0:23:32.613785",,,,,
G4M3D1T6,30615,"6, 0:25:29.563615",,,,,
G4M3D1T7,34385,"7, 0:28:38.069201",,,,,
G4M3D1T8,37518,"8, 0:31:14.679173",,,,,
G4M3D1T9,46706,"9, 0:38:54.083024",,,,,
G4M3D2T1,14800,"1, 0:12:19.028619",,,,,
G4M3D2T2,17773,"2, 0:14:47.681414",,,,,
G4M3D2T3,20791,"3, 0:17:18.567845",,,,,
G4M3D2T4,30328,"4, 0:25:15.389399",,,,,
G4M3D2T5,33356,"5, 0:27:46.788425",,,,,
G4M3D2T6,38330,"6, 0:31:55.505574",,,,,
G4M3D2T7,41890,"7, 0:34:53.483760",,,,,
G4M3D3T1,14320,"1, 0:11:54.842451",,,,,
G4M3D3T2,18127,"2, 0:15:05.167638",,,,,
G4M3D3T3,21067,"3, 0:17:32.168757",,,,,
G4M3D3T4,24156,"4, 0:20:06.595452",,,,,
G4M3D3T5,27462,"5, 0:22:51.896440",,,,,
G4M3D3T6,30493,"6, 0:25:23.428847",,,,,
G4M3D3T7,32488,"7, 0:27:03.165930",,,,,
G4M3D3T8,39638,"8, 0:33:00.672979",,,,,
G4M3D3T9,44121,"9, 0:36:44.811867",,,,,
G4M3D3T10,47039,"10, 0:39:10.692360",,,,,
G4M3D4T1,12515,"1, 0:10:24.521761",,,,,
G4M3D4T2,20581,"2, 0:17:07.805526",,,,,
G4M3D4T3,32057,"3, 0:26:41.557360",,,,,
G4M3D4T4,34566,"4, 0:28:47.021372",,,,,
G4M3D4T5,37017,"5, 0:30:49.556542",,,,,
G4M3D5T1,12366,"1, 0:10:17.302260",,,,,
G4M3D5T2,13957,"2, 0:11:36.815569",,,,,
G4M3D5T3,16815,"3, 0:13:59.755404",,,,,
G4M3D5T4,19870,"4, 0:16:32.465016",,,,,
G4M3D5T5,29438,"5, 0:24:30.840285",,,,,
G4M3D5T6,32548,"6, 0:27:06.369087",,,,,
G4M3D5T7,35696,"7, 0:29:43.719915",,,,,
G4M3D5T8,38736,"8, 0:32:15.758838",,,,,
G4M3D5T9,41601,"9, 0:34:38.992895",,,,,
G4M3D5T10,44060,"10, 0:36:41.945913",,,,,
G4M3D5T11,46724,"11, 0:38:55.098849",,,,,
G4M4D1T1,12753,"1, 0:10:37.246291",,,,,
G4M4D1T2,18035,"2, 0:15:01.367253",,,,,
G4M4D1T3,21031,"3, 0:17:31.168755",,,,,
G4M4D1T4,23388,"4, 0:19:28.990070",,,,,
G4M4D1T5,26218,"5, 0:21:50.455127",,,,,
G4M4D1T6,32307,"6, 0:26:54.912340",,,,,
G4M4D1T7,35762,"7, 0:29:47.640221",,,,,
G4M4D1T8,39706,"8, 0:33:04.877553",,,,,
G4M4D1T9,45207,"9, 0:37:39.882374",,,,,
G4M4D2T1,12234,"1, 0:10:10.669245",,,,,
G4M4D2T2,16250,"2, 0:13:31.462202",,,,,
G4M4D2T3,22545,"3, 0:18:46.215518",,,,,
G4M4D2T4,25795,"4, 0:21:28.716383",,,,,
G4M4D2T5,28041,"5, 0:23:20.962583",,,,,
G4M4D2T6,32473,"6, 0:27:02.565423",,,,,
G4M4D2T7,35112,"7, 0:29:14.497309",,,,,
G4M4D2T8,38052,"8, 0:31:41.518784",,,,,
G4M4D2T9,42198,"9, 0:35:08.793683",,,,,
G4M4D3T1,14723,"1, 0:12:15.053244",,,,,
G4M4D3T2,17333,"2, 0:14:25.528812",,,,,
G4M4D3T3,20308,"3, 0:16:54.270205",,,,,
G4M4D3T4,23377,"4, 0:19:27.723561",,,,,
G4M4D3T5,31327,"5, 0:26:05.170837",,,,,
G4M4D3T6,37689,"6, 0:31:23.280546",,,,,
G4M4D3T7,40175,"7, 0:33:27.611487",,,,,
G4M4D3T8,44254,"8, 0:36:51.513817",,,,,
G4M4D4T1,13988,"1, 0:11:38.166006",,,,,
G4M4D4T2,17594,"2, 0:14:38.467128",,,,,
G4M4D4T3,20738,"3, 0:17:15.616453",,,,,
G4M4D4T4,29091,"4, 0:24:13.266342",,,,,
G4M4D4T5,32533,"5, 0:27:05.349697",,,,,
G4M4D4T6,36566,"6, 0:30:26.998988",,,,,
G4M4D4T7,45449,"7, 0:37:51.116683",,,,,
G4M4D5T1,16544,"1, 0:13:44.781472",,,,,
G4M4D5T2,25077,"2, 0:20:51.431767",,,,,
G4M4D5T3,32253,"3, 0:26:50.190718",,,,,
G4M4D5T4,34130,"4, 0:28:24.020196",,,,,
G4M4D5T5,41868,"5, 0:34:50.902385",,,,,
G4M4D5T6,45971,"6, 0:38:16.040879",,,,,
G4M5D1T1,13577,"1, 0:11:17.645168",,,,,
G4M5D1T2,16325,"2, 0:13:35.027536",,,,,
G4M5D1T3,20267,"3, 0:16:52.125490",,,,,
G4M5D1T4,24870,"4, 0:20:42.260081",,,,,
G4M5D1T5,34303,"5, 0:28:33.892734",,,,,
G4M5D1T6,37773,"6, 0:31:27.393203",,,,,
G4M5D1T7,41398,"7, 0:34:28.608299",,,,,
G4M5D1T8,43988,"8, 0:36:38.108382",,,,,
G4M5D1T9,46110,"9, 0:38:24.208930",,,,,
G4M5D2T1,15346,"1, 0:12:43.706262",,,,,
G4M5D2T2,17988,"2, 0:14:55.821806",,,,,
G4M5D2T3,20260,"3, 0:16:49.407020",,,,,
G4M5D2T4,22717,"4, 0:18:52.272992",,,,,
G4M5D2T5,32491,"5, 0:27:00.938321",,,,,
G4M5D2T6,35341,"6, 0:29:23.454928",,,,,
G4M5D2T7,38479,"7, 0:32:00.321333",,,,,
G4M5D2T8,43432,"8, 0:36:07.987549",,,,,
G4M5D2T9,45440,"9, 0:37:48.370251",,,,,
G4M5D3T1,12133,"1, 0:10:04.749499",,,,,
G4M5D3T2,14389,"2, 0:11:57.531700",,,,,
G4M5D4T1,12587,"1, 0:10:28.224922",,,,,
G4M5D4T2,15394,"2, 0:12:48.541073",,,,,
G4M5D4T3,24807,"3, 0:20:39.167310",,,,,
G4M5D5T1,19417,"1, 0:16:09.892441",,,,,
G4M5D5T2,21823,"2, 0:18:10.173424",,,,,
G4M5D5T3,33707,"3, 0:28:04.332853",,,,,
G4M5D5T4,39947,"4, 0:33:16.322423",,,,,
G4M6D1T1,12714,"1, 0:10:34.403006",,,,,
G4M6D1T2,16830,"2, 0:14:00.219879",,,,,
G4M6D1T3,23218,"3, 0:19:19.618809",,,,,
G4M6D1T4,30391,"4, 0:25:18.201931",,,,,
G4M6D1T5,36213,"5, 0:30:09.319633",,,,,
G4M6D1T6,38343,"6, 0:31:55.784670",,,,,
G4M6D1T7,41434,"7, 0:34:30.318698",,,,,
G4M6D1T8,46620,"8, 0:38:49.651315",,,,,
G4M6D2T1,13111,"1, 0:10:53.577663",,,,,
G4M6D2T2,17886,"2, 0:14:52.310080",,,,,
G4M6D2T3,24657,"3, 0:20:30.842739",,,,,
G4M6D2T4,44179,"4, 0:36:46.925779",,,,,
G4M6D3,,,,,,,
G4M6D4T1,12040,"1, 0:10:00.191199",,,,,
G4M6D4T2,17383,"2, 0:14:27.366194",,,,,
G4M6D5T1,12282,"1, 0:10:12.890746",,,,,
G4M6D5T2,14058,"2, 0:11:41.673980",,,,,
G4M6D5T3,24395,"3, 0:20:18.493474",,,,,
G4M6D5T4,26382,"4, 0:21:57.866287",,,,,
G4M6D5T5,30303,"5, 0:25:13.931215",,,,,
G4M6D5T6,33237,"6, 0:27:40.565893",,,,,
G4M6D5T7,38110,"7, 0:31:44.221852",,,,,
G4M6D5T8,40412,"8, 0:33:39.311576",,,,,
G4M6D5T9,45334,"9, 0:37:45.400300",,,,,
G4M7D1T1,12831,"1, 0:10:39.730374",,,,,
G4M7D1T2,16383,"2, 0:13:37.297377",,,,,
G4M7D1T3,18996,"3, 0:15:47.961731",,,,,
G4M7D1T4,24359,"4, 0:20:16.064393",,,,,
G4M7D1T5,26871,"5, 0:22:21.646297",,,,,
G4M7D1T6,33531,"6, 0:27:54.698755",,,,,
G4M7D1T7,37331,"7, 0:31:04.664134",,,,,
G4M7D1T8,40426,"8, 0:33:39.385422",,,,,
G4M7D1T9,42904,"9, 0:35:43.309062",,,,,
G4M7D1T10,44996,"10, 0:37:27.870423",,,,,
G4M7D2T1,14906,"1, 0:12:22.874229",,,,,
G4M7D2T2,17563,"2, 0:14:35.677425",,,,,
G4M7D2T3,20298,"3, 0:16:52.446800",,,,,
G4M7D2T4,27658,"4, 0:23:00.397322",,,,,
G4M7D2T5,31258,"5, 0:26:00.430112",,,,,
G4M7D2T6,33678,"6, 0:28:01.426531",,,,,
G4M7D2T7,39451,"7, 0:32:50.024338",,,,,
G4M7D2T8,45785,"8, 0:38:06.730612",,,,,
G4M7D3T1,12967,"1, 0:10:37.520221",,,,,
G4M7D3T2,15956,"2, 0:13:06.945125",,,,,
G4M7D3T3,23809,"3, 0:19:39.574482",,,,,
G4M7D3T4,27016,"4, 0:22:19.935020",,,,,
G4M7D3T5,30076,"5, 0:24:52.932609",,,,,
G4M7D3T6,33045,"6, 0:27:21.365669",,,,,
G4M7D3T7,36437,"7, 0:30:10.957391",,,,,
G4M7D3T8,40304,"8, 0:33:24.292150",,,,,
G4M7D3T9,44224,"9, 0:36:40.280427",,,,,
G4M7D4T1,13491,"1, 0:11:12.757513",,,,,
G4M7D4T2,15527,"2, 0:12:54.527416",,,,,
G4M7D4T3,18784,"3, 0:15:37.360926",,,,,
G4M7D4T4,22011,"4, 0:18:18.705215",,,,,
G4M7D4T5,25779,"5, 0:21:27.066732",,,,,
G4M7D4T6,28481,"6, 0:23:42.202121",,,,,
G4M7D4T7,33982,"7, 0:28:17.242240",,,,,
G4M7D4T8,41608,"8, 0:34:38.512280",,,,,
G4M7D4T9,44504,"9, 0:37:03.329702",,,,,
G4M7D5T1,12110,"1, 0:10:04.427034",,,,,
G4M7D5T2,14954,"2, 0:12:26.617468",,,,,
G4M7D5T3,16900,"3, 0:14:03.926035",,,,,
G4M7D5T4,19936,"4, 0:16:35.763701",,,,,
G4M7D5T5,21546,"5, 0:17:56.208329",,,,,
G4M7D5T6,26587,"6, 0:22:08.287998",,,,,
G4M7D5T7,29734,"7, 0:24:45.580723",,,,,
G4M7D5T8,34568,"8, 0:28:47.274496",,,,,
G4M7D5T9,38164,"9, 0:31:47.095516",,,,,
G4M7D5T10,41578,"10, 0:34:37.802585",,,,,
G4M7D5T11,44343,"11, 0:36:56.027465",,,,,
G4M8D1T1,12536,"1, 0:10:25.716191",,,,,
G4M8D1T2,14293,"2, 0:11:53.639648",,,,,
G4M8D1T3,16368,"3, 0:13:37.355762",,,,,
G4M8D1T4,18315,"4, 0:15:14.688133",,,,,
G4M8D1T5,21356,"5, 0:17:46.740900",,,,,
G4M8D1T6,24348,"6, 0:20:16.313659",,,,,
G4M8D1T7,28884,"7, 0:24:03.086058",,,,,
G4M8D1T8,30794,"8, 0:25:38.622503",,,,,
G4M8D1T9,32424,"9, 0:27:00.115826",,,,,
G4M8D1T10,34480,"10, 0:28:42.882563",,,,,
G4M8D1T11,36813,"11, 0:30:39.544985",,,,,
G4M8D1T12,40652,"12, 0:33:51.507714",,,,,
G4M8D1T13,43315,"13, 0:36:04.647128",,,,,
G4M8D1T14,46911,"14, 0:39:04.421597",,,,,
G4M8D2T1,12565,"1, 0:10:24.907019",,,,,
G4M8D2T2,16918,"2, 0:14:02.614531",,,,,
G4M8D2T3,20259,"3, 0:16:49.600178",,,,,
G4M8D2T4,22771,"4, 0:18:55.231348",,,,,
G4M8D2T5,29799,"5, 0:24:46.631928",,,,,
G4M8D2T6,36041,"6, 0:29:58.694084",,,,,
G4M8D2T7,40829,"7, 0:33:58.086660",,,,,
G4M8D2T8,44584,"8, 0:37:05.813029",,,,,
G4M8D3T1,12124,"1, 0:10:04.473063",,,,,
G4M8D3T2,14550,"2, 0:12:05.724170",,,,,
G4M8D3T3,20688,"3, 0:17:12.623747",,,,,
G4M8D3T4,23185,"4, 0:19:17.480277",,,,,
G4M8D3T5,25930,"5, 0:21:34.761792",,,,,
G4M8D3T6,34486,"6, 0:28:42.543631",,,,,
G4M8D3T7,41920,"7, 0:34:54.207361",,,,,
G4M8D4T1,14383,"1, 0:11:57.591022",,,,,
G4M8D4T2,16783,"2, 0:13:57.575946",,,,,
G4M8D4T3,21839,"3, 0:18:10.361221",,,,,
G4M8D4T4,26746,"4, 0:22:15.720262",,,,,
G4M8D4T5,29453,"5, 0:24:31.090572",,,,,
G4M8D4T6,34999,"6, 0:29:08.352935",,,,,
G4M8D4T7,40851,"7, 0:34:00.962134",,,,,
G4M8D5T1,14850,"1, 0:12:24.844644",,,,,
G4M8D5T2,19233,"2, 0:16:03.991468",,,,,
G4M8D5T3,23316,"3, 0:19:28.128325",,,,,
G4M8D5T4,26782,"4, 0:22:21.414359",,,,,
G4M8D5T5,33450,"5, 0:27:54.841734",,,,,
G4M8D5T6,37123,"6, 0:30:58.451494",,,,,
G4M8D5T7,39503,"7, 0:32:57.444097",,,,,
G4M8D5T8,44878,"8, 0:37:26.198152",,,,,
G4M9D1T1,12320,"1, 0:10:14.767000",,,,,
G4M9D1T2,14567,"2, 0:12:07.066908",,,,,
G4M9D1T3,19743,"3, 0:16:25.851598",,,,,
G4M9D1T4,22866,"4, 0:19:02.010561",,,,,
G4M9D1T5,26101,"5, 0:21:43.764995",,,,,
G4M9D1T6,28383,"6, 0:23:37.844167",,,,,
G4M9D1T7,31465,"7, 0:26:11.930796",,,,,
G4M9D1T8,34855,"8, 0:29:01.395862",,,,,
G4M9D1T9,39065,"9, 0:32:31.923187",,,,,
G4M9D1T10,41606,"10, 0:34:38.952953",,,,,
G4M9D1T11,44310,"11, 0:36:54.136226",,,,,
G4M9D1T12,47498,"12, 0:39:33.573286",,,,,
G4M9D2T1,12085,"1, 0:10:01.815162",,,,,
G4M9D2T2,16295,"2, 0:13:32.329723",,,,,
G4M9D2T3,19573,"3, 0:16:16.225590",,,,,
G4M9D2T4,25291,"4, 0:21:02.067452",,,,,
G4M9D2T5,29133,"5, 0:24:14.182040",,,,,
G4M9D2T6,31239,"6, 0:25:59.470665",,,,,
G4M9D2T7,34152,"7, 0:28:25.107244",,,,,
G4M9D2T8,37448,"8, 0:31:09.918733",,,,,
G4M9D2T9,39170,"9, 0:32:36.009707",,,,,
G4M9D2T10,43651,"10, 0:36:20.040380",,,,,
G4M9D2T11,46823,"11, 0:38:58.642763",,,,,
G4M9D3T1,12740,"1, 0:10:35.796558",,,,,
G4M9D3T2,17215,"2, 0:14:19.562487",,,,,
G4M9D3T3,19961,"3, 0:16:36.842305",,,,,
G4M9D3T4,22450,"4, 0:18:41.284353",,,,,
G4M9D3T5,27509,"5, 0:22:54.244857",,,,,
G4M9D3T6,31742,"6, 0:26:25.840132",,,,,
G4M9D4T1,14040,"1, 0:11:39.826383",,,,,
G4M9D4T2,17030,"2, 0:14:09.274557",,,,,
G4M9D4T3,19725,"3, 0:16:24.052074",,,,,
G4M9D4T4,23104,"4, 0:19:12.966049",,,,,
G4M9D4T5,30693,"5, 0:25:32.424272",,,,,
G4M9D4T6,33413,"6, 0:27:48.401449",,,,,
G4M9D4T7,35798,"7, 0:29:47.670334",,,,,
G4M9D4T8,40016,"8, 0:33:18.528193",,,,,
G4M9D4T9,43316,"9, 0:36:03.547240",,,,,
G4M9D5T1,12292,"1, 0:10:13.201256",,,,,
G4M9D5T2,15332,"2, 0:12:45.218891",,,,,
G4M9D5T3,18303,"3, 0:15:13.727846",,,,,
G4M9D5T4,22642,"4, 0:18:50.673410",,,,,
G4M9D5T5,26243,"5, 0:21:50.734792",,,,,
G4M9D5T6,33814,"6, 0:28:09.279944",,,,,
G4M9D5T7,38505,"7, 0:32:03.820819",,,,,
G5M1D1T1,12014,"1, 0:10:00.094578",,,,,
G5M1D1T2,16231,"2, 0:13:30.950092",,,,,
G5M1D1T3,23385,"3, 0:19:28.641707",,,,,
G5M1D1T4,35128,"4, 0:29:15.764536",,,,,
G5M1D1T5,37948,"5, 0:31:36.730312",,,,,
G5M1D1T6,41908,"6, 0:34:54.739518",,,,,
G5M1D1T7,44789,"7, 0:37:18.773963",,,,,
G5M1D2T1,12969,"1, 0:10:47.389477",,,,,
G5M1D2T2,18438,"2, 0:15:20.842226",,,,,
G5M1D2T3,26519,"3, 0:22:04.900710",,,,,
G5M1D2T4,35036,"4, 0:29:10.701086",,,,,
G5M1D2T5,42194,"5, 0:35:08.582840",,,,,
G5M1D3,,,,,,,
G5M1D4T1,17449,"1, 0:14:31.146990",,,,,
G5M1D4T2,34440,"2, 0:28:40.667735",,,,,
G5M1D4T3,45267,"3, 0:37:41.977477",,,,,
G5M1D5T1,22528,"1, 0:18:45.302032",,,,,
G5M1D5T2,27117,"2, 0:22:34.712138",,,,,
G5M1D5T3,41131,"3, 0:34:15.372151",,,,,
G5M2D1T1,18479,"1, 0:15:22.496398",,,,,
G5M2D1T2,21094,"2, 0:17:33.252861",,,,,
G5M2D1T3,25344,"3, 0:21:05.697889",,,,,
G5M2D1T4,29185,"4, 0:24:17.773263",,,,,
G5M2D1T5,33534,"5, 0:27:55.194512",,,,,
G5M2D2T1,12770,"1, 0:10:37.387456",,,,,
G5M2D2T2,16213,"2, 0:13:29.551858",,,,,
G5M2D2T3,20357,"3, 0:16:56.746261",,,,,
G5M2D2T4,27369,"4, 0:22:47.320788",,,,,
G5M2D3T1,12066,"1, 0:10:02.225862",,,,,
G5M2D3T2,14499,"2, 0:12:03.879895",,,,,
G5M2D4T1,20954,"1, 0:17:26.450650",,,,,
G5M2D4T2,22536,"2, 0:18:45.566756",,,,,
G5M2D5T1,13114,"1, 0:10:54.499060",,,,,
G5M2D5T2,16006,"2, 0:13:19.086107",,,,,
G5M2D5T3,21199,"3, 0:17:38.698864",,,,,
G5M2D5T4,37066,"4, 0:30:52.040122",,,,,
G5M2D5T5,40759,"5, 0:33:56.663325",,,,,
G5M3D1T1,12915,"1, 0:10:44.606061",,,,,
G5M3D1T2,15078,"2, 0:12:32.731445",,,,,
G5M3D1T3,19553,"3, 0:16:16.458440",,,,,
G5M3D1T4,22363,"4, 0:18:36.959524",,,,,
G5M3D1T5,27854,"5, 0:23:11.476630",,,,,
G5M3D1T6,34365,"6, 0:28:37.017077",,,,,
G5M3D1T7,38902,"7, 0:32:23.855888",,,,,
G5M3D1T8,41743,"8, 0:34:45.904735",,,,,
G5M3D2T1,15262,"1, 0:12:42.064944",,,,,
G5M3D2T2,18108,"2, 0:15:04.329855",,,,,
G5M3D2T3,20661,"3, 0:17:12.011668",,,,,
G5M3D2T4,23121,"4, 0:19:14.967952",,,,,
G5M3D2T5,28569,"5, 0:23:47.383973",,,,,
G5M3D2T6,35704,"6, 0:29:44.113511",,,,,
G5M3D2T7,43717,"7, 0:36:24.710573",,,,,
G5M3D2T8,46505,"8, 0:38:44.132749",,,,,
G5M3D3T1,12353,"1, 0:10:16.713096",,,,,
G5M3D3T2,14636,"2, 0:12:10.870448",,,,,
G5M3D3T3,19952,"3, 0:16:36.647327",,,,,
G5M3D3T4,21373,"4, 0:17:47.683402",,,,,
G5M3D3T5,23833,"5, 0:19:50.699846",,,,,
G5M3D3T6,31874,"6, 0:26:32.723717",,,,,
G5M3D3T7,34807,"7, 0:28:59.372782",,,,,
G5M3D3T8,40055,"8, 0:33:21.745212",,,,,
G5M3D4T1,28530,"1, 0:23:45.146336",,,,,
G5M3D4T2,30238,"2, 0:25:10.546717",,,,,
G5M3D4T3,34802,"3, 0:28:58.713146",,,,,
G5M3D4T4,39170,"4, 0:32:37.162652",,,,,
G5M3D5T1,14225,"1, 0:11:50.151633",,,,,
G5M3D5T2,19309,"2, 0:16:04.292358",,,,,
G5M3D5T3,20642,"3, 0:17:10.948861",,,,,
G5M3D5T4,26598,"4, 0:22:08.779617",,,,,
G5M3D5T5,30335,"5, 0:25:15.569319",,,,,
G5M3D5T6,34860,"6, 0:29:01.852046",,,,,
G5M3D5T7,37471,"7, 0:31:12.389091",,,,,
G5M3D5T8,39925,"8, 0:33:15.095838",,,,,
G5M3D5T9,45083,"9, 0:37:32.970965",,,,,
G5M4D1T1,12184,"1, 0:10:06.903089",,,,,
G5M4D1T2,14157,"2, 0:11:45.518330",,,,,
G5M4D1T3,17291,"3, 0:14:22.250987",,,,,
G5M4D1T4,20251,"4, 0:16:50.219632",,,,,
G5M4D1T5,23134,"5, 0:19:14.402244",,,,,
G5M4D1T6,25426,"6, 0:21:08.984506",,,,,
G5M4D1T7,27618,"7, 0:22:58.568319",,,,,
G5M4D1T8,29939,"8, 0:24:54.600719",,,,,
G5M4D1T9,31353,"9, 0:26:05.285654",,,,,
G5M4D1T10,32862,"10, 0:27:20.750302",,,,,
G5M4D1T11,35145,"11, 0:29:14.902214",,,,,
G5M4D1T12,37124,"12, 0:30:53.819917",,,,,
G5M4D1T13,39307,"13, 0:32:43.017785",,,,,
G5M4D1T14,42725,"14, 0:35:33.883586",,,,,
G5M4D1T15,45649,"15, 0:38:00.052254",,,,,
G5M4D2T1,12672,"1, 0:10:32.979441",,,,,
G5M4D2T2,15308,"2, 0:12:44.733793",,,,,
G5M4D2T3,18811,"3, 0:15:39.934766",,,,,
G5M4D2T4,21343,"4, 0:17:46.499807",,,,,
G5M4D2T5,27305,"5, 0:22:44.583796",,,,,
G5M4D2T6,36152,"6, 0:30:06.950442",,,,,
G5M4D2T7,39043,"7, 0:32:31.432715",,,,,
G5M4D3T1,12172,"1, 0:10:05.222777",,,,,
G5M4D3T2,13737,"2, 0:11:23.464109",,,,,
G5M4D3T3,18185,"3, 0:15:05.814224",,,,,
G5M4D3T4,20517,"4, 0:17:02.415628",,,,,
G5M4D3T5,23247,"5, 0:19:18.914571",,,,,
G5M4D3T6,25063,"6, 0:20:49.698640",,,,,
G5M4D3T7,26443,"7, 0:21:58.714582",,,,,
G5M4D3T8,28217,"8, 0:23:27.397797",,,,,
G5M4D3T9,32834,"9, 0:27:18.214587",,,,,
G5M4D3T10,35068,"10, 0:29:09.967861",,,,,
G5M4D3T11,40366,"11, 0:33:34.847307",,,,,
G5M4D3T12,41809,"12, 0:34:46.981474",,,,,
G5M4D3T13,43739,"13, 0:36:23.464221",,,,,
G5M4D4T1,12937,"1, 0:10:44.066498",,,,,
G5M4D4T2,16993,"2, 0:14:06.827583",,,,,
G5M4D4T3,19891,"3, 0:16:31.730856",,,,,
G5M4D4T4,22783,"4, 0:18:56.349634",,,,,
G5M4D4T5,24569,"5, 0:20:25.638397",,,,,
G5M4D4T6,31108,"6, 0:25:52.582419",,,,,
G5M4D4T7,37390,"7, 0:31:06.684139",,,,,
G5M4D4T8,39384,"8, 0:32:46.352031",,,,,
G5M4D4T9,43711,"9, 0:36:22.681299",,,,,
G5M4D5T1,12060,"1, 0:10:00.061310",,,,,
G5M4D5T2,13977,"2, 0:11:35.877114",,,,,
G5M4D5T3,17236,"3, 0:14:18.831330",,,,,
G5M4D5T4,19979,"4, 0:16:35.978826",,,,,
G5M4D5T5,21350,"5, 0:17:44.515420",,,,,
G5M4D5T6,24906,"6, 0:20:42.315339",,,,,
G5M4D5T7,26866,"7, 0:22:20.313772",,,,,
G5M4D5T8,30521,"8, 0:25:23.061729",,,,,
G5M4D5T9,32598,"9, 0:27:06.910878",,,,,
G5M4D5T10,36058,"10, 0:29:59.924920",,,,,
G5M4D5T11,37901,"11, 0:31:32.029100",,,,,
G5M4D5T12,40849,"12, 0:33:59.457179",,,,,
G5M4D5T13,44147,"13, 0:36:44.336611",,,,,
G5M4D5T14,46078,"14, 0:38:20.899411",,,,,
G5M5D1T1,12806,"1, 0:10:39.014434",,,,,
G5M5D1T2,15187,"2, 0:12:38.081848",,,,,
G5M5D1T3,17439,"3, 0:14:30.632456",,,,,
G5M5D1T4,19587,"4, 0:16:18.047881",,,,,
G5M5D1T5,21517,"5, 0:17:54.532046",,,,,
G5M5D1T6,24027,"6, 0:20:00.050237",,,,,
G5M5D1T7,26277,"7, 0:21:52.547921",,,,,
G5M5D1T8,27820,"8, 0:23:09.682132",,,,,
G5M5D1T9,29729,"9, 0:24:45.147429",,,,,
G5M5D1T10,38058,"10, 0:31:41.582347",,,,,
G5M5D1T11,39699,"11, 0:33:03.599155",,,,,
G5M5D1T12,42524,"12, 0:35:24.830507",,,,,
G5M5D1T13,44729,"13, 0:37:15.098933",,,,,
G5M5D2T1,14496,"1, 0:12:03.645346",,,,,
G5M5D2T2,17308,"2, 0:14:24.243650",,,,,
G5M5D2T3,19268,"3, 0:16:02.227918",,,,,
G5M5D2T4,21632,"4, 0:18:00.460369",,,,,
G5M5D2T5,23472,"5, 0:19:32.411754",,,,,
G5M5D2T6,33288,"6, 0:27:43.226085",,,,,
G5M5D3T1,13400,"1, 0:11:08.904716",,,,,
G5M5D3T2,15779,"2, 0:13:07.856258",,,,,
G5M5D3T3,18974,"3, 0:15:47.640761",,,,,
G5M5D3T4,25223,"4, 0:21:00.038671",,,,,
G5M5D3T5,27926,"5, 0:23:15.190052",,,,,
G5M5D3T6,30711,"6, 0:25:34.422160",,,,,
G5M5D3T7,32088,"7, 0:26:43.272207",,,,,
G5M5D3T8,34485,"8, 0:28:43.122208",,,,,
G5M5D3T9,35850,"9, 0:29:51.337669",,,,,
G5M5D3T10,39446,"10, 0:32:51.157561",,,,,
G5M5D4T1,12432,"1, 0:10:19.433771",,,,,
G5M5D4T2,14452,"2, 0:12:00.449653",,,,,
G5M5D4T3,16176,"3, 0:13:26.608304",,,,,
G5M5D4T4,19985,"4, 0:16:37.075555",,,,,
G5M5D4T5,25008,"5, 0:20:48.183266",,,,,
G5M5D4T6,27099,"6, 0:22:32.738615",,,,,
G5M5D4T7,35789,"7, 0:29:47.229997",,,,,
G5M5D4T8,37893,"8, 0:31:32.419120",,,,,
G5M5D4T9,42299,"9, 0:35:12.729934",,,,,
G5M5D5T1,12185,"1, 0:10:05.080832",,,,,
G5M5D5T2,16807,"2, 0:13:56.155441",,,,,
G5M5D5T3,18529,"3, 0:15:22.239164",,,,,
G5M5D5T4,25182,"4, 0:20:54.914114",,,,,
G5M5D5T5,27371,"5, 0:22:44.338664",,,,,
G5M5D5T6,29859,"6, 0:24:48.705937",,,,,
G5M5D5T7,35158,"7, 0:29:13.651641",,,,,
G5M5D5T8,39889,"8, 0:33:10.237382",,,,,
G5M5D5T9,43538,"9, 0:36:12.638082",,,,,
G5M5D5T10,46728,"10, 0:38:52.168790",,,,,
G5M6D1T1,12888,"1, 0:10:42.059150",,,,,
G5M6D1T2,16153,"2, 0:13:25.276286",,,,,
G5M6D1T3,19789,"3, 0:16:27.104504",,,,,
G5M6D1T4,22571,"4, 0:18:46.175357",,,,,
G5M6D1T5,27564,"5, 0:22:55.826062",,,,,
G5M6D1T6,32579,"6, 0:27:06.575834",,,,,
G5M6D1T7,34897,"7, 0:29:02.459839",,,,,
G5M6D1T8,36787,"8, 0:30:36.958454",,,,,
G5M6D1T9,39621,"9, 0:32:58.626278",,,,,
G5M6D1T10,43636,"10, 0:36:19.374977",,,,,
G5M6D1T11,45853,"11, 0:38:10.257689",,,,,
G5M6D1T12,47562,"12, 0:39:35.690818",,,,,
G5M6D2T1,17825,"1, 0:14:49.972933",,,,,
G5M6D2T2,31640,"2, 0:26:20.689024",,,,,
G5M6D2T3,36605,"3, 0:30:28.958179",,,,,
G5M6D2T4,40521,"4, 0:33:44.723538",,,,,
G5M6D2T5,42372,"5, 0:35:17.272655",,,,,
G5M6D3T1,13187,"1, 0:10:53.992140",,,,,
G5M6D3T2,16648,"2, 0:13:47.059403",,,,,
G5M6D3T3,22976,"3, 0:19:03.411931",,,,,
G5M6D3T4,25054,"4, 0:20:47.340971",,,,,
G5M6D3T5,27729,"5, 0:23:01.077802",,,,,
G5M6D3T6,30031,"6, 0:24:56.175849",,,,,
G5M6D3T7,32381,"7, 0:26:53.642649",,,,,
G5M6D3T8,34820,"8, 0:28:55.642757",,,,,
G5M6D3T9,45316,"9, 0:37:40.426964",,,,,
G5M6D3T10,47538,"10, 0:39:31.476907",,,,,
G5M6D4T1,12328,"1, 0:10:13.750734",,,,,
G5M6D4T2,15126,"2, 0:12:33.681250",,,,,
G5M6D4T3,17179,"3, 0:14:16.333087",,,,,
G5M6D4T4,19351,"4, 0:16:04.904942",,,,,
G5M6D4T5,23499,"5, 0:19:32.324348",,,,,
G5M6D4T6,30637,"6, 0:25:29.165763",,,,,
G5M6D4T7,33830,"7, 0:28:08.816157",,,,,
G5M6D4T8,35829,"8, 0:29:48.772341",,,,,
G5M6D4T9,37626,"9, 0:31:18.621368",,,,,
G5M6D4T10,43654,"10, 0:36:20.039083",,,,,
G5M6D4T11,46335,"11, 0:38:34.069873",,,,,
G5M6D5T1,13081,"1, 0:10:50.616553",,,,,
G5M6D5T2,16434,"2, 0:13:38.247679",,,,,
G5M6D5T3,18811,"3, 0:15:37.113862",,,,,
G5M6D5T4,21475,"4, 0:17:50.272220",,,,,
G5M6D5T5,24197,"5, 0:20:06.405717",,,,,
G5M6D5T6,25813,"6, 0:21:27.186212",,,,,
G5M6D5T7,28334,"7, 0:23:33.222884",,,,,
G5M6D5T8,33143,"8, 0:27:33.703844",,,,,
G5M6D5T9,35841,"9, 0:29:48.570011",,,,,
G5M6D5T10,37838,"10, 0:31:28.422324",,,,,
G5M6D5T11,40694,"11, 0:33:51.235555",,,,,
G5M6D5T12,42366,"12, 0:35:14.801969",,,,,
G5M6D5T13,47743,"13, 0:39:43.656749",,,,,
